,Table 13,Unnamed: 1,Unnamed: 2,Unnamed: 3,Unnamed: 4,Unnamed: 5,Unnamed: 6,Unnamed: 7,Unnamed: 8,Unnamed: 9,Unnamed: 10,Unnamed: 11,Unnamed: 12,Unnamed: 13
5,Alaska,Total,,4,2,0,1,0,0,,,,,
6,,Cities,,4,2,0,1,0,0,,,,,
7,,,Anchorage,1,0,0,0,0,0,0,0,1,0,291992
8,,,Fairbanks,2,0,0,1,0,0,1,1,1,0,31635
9,,,Juneau,0,2,0,0,0,0,0,0,2,0,31922
10,,,Kotzebue,1,0,0,0,0,0,0,1,0,0,3273
11,Arizona,Total,,95,34,37,2,2,3,,,,,
12,,Cities,,93,33,37,2,2,3,,,,,
13,,,Avondale,1,0,0,0,0,0,,1,0,0,85204
14,,,Coolidge,2,0,0,0,0,0,0,0,0,2,12815
15,,,Flagstaff,1,0,1,0,0,0,0,2,0,0,72852
16,,,Gilbert,1,0,0,0,0,0,0,0,1,0,247463
17,,,Glendale,7,0,1,0,0,0,3,1,1,3,249799
18,,,Maricopa,1,0,0,0,0,0,0,1,0,0,48660
19,,,Mesa,2,0,1,0,0,0,2,1,0,0,504873
20,,,Page,2,0,1,0,0,0,1,1,1,0,7576
21,,,Peoria,1,0,0,0,0,0,0,1,0,0,170177
22,,,Phoenix3,59,24,25,1,1,2,35,26,18,27,1653080
23,,,Prescott,1,0,0,0,0,0,1,0,0,0,43172
24,,,Scottsdale,2,2,1,0,0,0,1,1,1,2,254961
25,,,St. Johns,0,1,0,0,0,0,0,0,1,0,3510
26,,,Surprise,1,2,0,0,0,0,0,1,2,0,136611
27,,,Tempe,0,1,0,0,0,0,1,0,0,0,188543
28,,,Tucson3,7,2,6,1,1,1,5,4,8,0,537392
29,,,Yuma,5,1,1,0,0,0,1,2,2,2,96121
30,,Universities and Colleges,,1,1,0,0,0,0,,,,,
31,,,University of Arizona,1,1,0,0,0,0,1,1,0,0,47648
32,,Nonmetropolitan Counties,,1,0,0,0,0,0,,,,,
33,,,La Paz,1,0,0,0,0,0,0,0,0,1,
34,Arkansas,Total,,10,1,1,1,0,0,,,,,
35,,Cities,,8,1,1,1,0,0,,,,,
36,,,Benton,1,0,0,0,0,0,0,1,0,0,36556
37,,,Fort Smith,2,0,1,0,0,0,2,1,0,0,88290
38,,,Hot Springs,1,0,0,0,0,0,1,0,0,0,37006
39,,,Newport,1,0,0,0,0,0,0,0,0,1,7654
40,,,Rogers,2,0,0,0,0,0,0,1,1,0,68026
41,,,Sherwood,1,1,0,0,0,0,0,1,0,1,31284
42,,,Springdale,0,0,0,1,0,0,1,0,0,0,73496
43,,Metropolitan Counties,,1,0,0,0,0,0,,,,,
44,,,Pulaski,1,0,0,0,0,0,0,0,1,0,
45,,Nonmetropolitan Counties,,1,0,0,0,0,0,,,,,
46,,,Sevier,1,0,0,0,0,0,0,1,0,0,
47,California,Total,,596,199,239,7,4,20,,,,,
48,,Cities,,538,183,209,5,3,16,,,,,
49,,,Alameda,3,3,1,0,0,0,3,2,2,0,79951
50,,,Albany,2,1,1,0,0,0,2,0,0,2,20379
51,,,American Canyon,0,1,0,0,0,0,0,1,0,0,20339
52,,,Anaheim,0,0,2,0,0,0,1,0,1,0,354743
53,,,Antioch,1,1,0,0,0,0,0,1,0,1,112956
54,,,Apple Valley,1,0,0,0,0,0,1,0,0,0,73631
55,,,Arvin,1,0,0,0,0,0,0,0,1,0,21560
56,,,Azusa,3,0,0,0,0,0,0,1,1,1,50393
57,,,Bakersfield,3,6,1,0,0,0,6,2,2,0,385609
58,,,Baldwin Park,1,0,0,0,0,0,1,0,0,0,76541
59,,,Beaumont,1,0,0,0,0,0,0,1,0,0,48559
60,,,Bell,1,0,1,0,0,0,1,0,,1,35857
61,,,Bellflower,1,0,0,0,0,0,0,1,0,0,77937
62,,,Bell Gardens,1,0,0,0,0,0,1,0,0,0,42845
63,,,Berkeley,8,5,4,0,0,0,5,3,5,4,123735
64,,,Beverly Hills,2,3,0,0,0,0,0,1,2,2,34557
65,,,Brea,0,1,0,0,0,0,0,0,1,0,43279
66,,,Brentwood,3,0,0,0,0,0,0,3,0,0,64118
67,,,Buena Park,1,0,1,0,0,0,0,0,0,2,83336
68,,,Burbank,4,4,2,0,0,0,5,0,1,4,105041
69,,,Calabasas,0,2,0,0,0,0,0,1,1,0,24309
70,,,Calimesa,1,0,0,0,0,0,0,0,1,0,8953
71,,,Camarillo,2,0,0,0,0,0,1,1,0,0,68218
72,,,Capitola,0,0,1,0,0,0,1,0,0,0,10218
73,,,Carlsbad,4,2,0,0,0,0,3,1,2,0,116739
74,,,Carson,1,0,0,0,0,0,1,0,0,0,92895
75,,,Central Marin,1,0,0,0,0,0,1,0,0,0,35033
76,,,Chino Hills,1,0,0,0,0,0,1,0,0,0,81177
77,,,Chula Vista,1,1,0,0,0,0,0,0,1,1,274370
78,,,Citrus Heights,3,0,0,0,0,0,1,0,2,0,88603
79,,,Claremont,1,0,0,0,0,0,0,0,0,1,36178
80,,,Clayton,1,0,0,0,0,0,0,0,1,0,12330
81,,,Clearlake,2,0,0,0,0,0,1,0,1,0,15037
82,,,Clovis,0,0,0,0,0,1,1,0,0,0,111759
83,,,Commerce,0,0,1,0,0,0,0,1,0,0,12961
84,,,Compton,3,0,0,0,0,0,0,1,2,0,97775
85,,,Corning,0,0,1,0,0,0,1,0,0,0,7580
86,,,Corona,1,1,0,0,0,0,1,0,1,0,170041
87,,,Cupertino,0,1,1,0,0,0,1,0,0,1,61078
88,,,Cypress,2,0,0,0,0,0,0,2,0,0,49223
89,,,Daly City,1,0,0,0,0,0,0,0,1,0,107928
90,,,Davis,8,4,1,1,0,0,1,7,4,2,69486
91,,,Downey,0,0,1,0,0,0,0,1,0,0,113277
92,,,Eastvale,0,1,0,0,0,0,1,0,0,0,64642
93,,,El Cajon,3,0,1,0,0,0,1,0,2,1,104497
94,,,El Cerrito,1,1,0,0,0,0,0,2,0,0,25793
95,,,Elk Grove,2,0,2,0,0,0,0,1,3,0,174651
96,,,El Monte,5,0,0,0,0,0,2,2,1,0,116464
97,,,El Segundo,1,0,0,0,0,0,0,0,1,0,16881
98,,,Encinitas,0,3,0,0,0,0,2,0,0,1,63700
99,,,Escalon,1,0,0,0,0,0,0,0,0,1,7653
100,,,Escondido,2,0,0,0,0,0,1,1,0,0,153073
101,,,Eureka,0,0,1,0,0,0,0,1,0,0,27174
102,,,Fairfield,1,0,1,0,0,0,0,1,0,1,117883
103,,,Fillmore,0,0,1,0,0,0,0,0,1,0,15928
104,,,Folsom,1,0,0,0,0,0,1,0,0,0,78916
105,,,Fontana,1,0,0,0,0,0,0,0,1,0,213964
106,,,Fort Bragg,0,1,0,0,0,0,1,0,0,0,7317
107,,,Foster City,0,2,0,0,0,0,0,0,0,2,34993
108,,,Fountain Valley,0,0,1,0,0,0,1,0,0,0,56433
109,,,Fremont,6,0,0,0,0,0,4,1,1,0,238024
110,,,Fresno,19,3,5,0,0,0,5,0,8,14,531818
111,,,Galt,1,0,0,0,0,0,0,1,0,0,26548
112,,,Gardena,0,1,1,0,0,0,2,0,0,0,60423
113,,,Garden Grove,1,0,0,0,0,0,0,0,1,0,174661
114,,,Glendale,4,0,0,0,0,0,3,0,0,1,204724
115,,,Glendora,1,0,0,0,0,0,1,0,0,0,52727
116,,,Gridley,1,0,0,0,0,0,1,0,0,0,6612
117,,,Hawaiian Gardens,2,0,0,0,0,0,0,0,1,1,14474
118,,,Hawthorne,3,2,1,0,0,0,0,0,2,4,88372
119,,,Hayward,3,1,0,0,0,0,1,1,1,1,162881
120,,,Hemet,1,0,0,0,0,0,1,0,0,0,86047
121,,,Hesperia,1,0,0,0,0,0,0,1,0,0,95519
122,,,Huntington Beach,2,2,0,0,0,0,0,1,2,1,203428
123,,,Huntington Park,3,0,1,0,0,0,1,0,2,1,58922
124,,,Imperial Beach,1,0,0,0,0,0,0,0,0,1,27569
125,,,Inglewood,1,0,0,0,0,0,0,1,0,0,110726
126,,,Irvine,1,1,0,0,0,0,0,0,1,1,288052
127,,,Jurupa Valley,1,0,0,0,0,0,0,0,1,0,107605
128,,,Laguna Woods,0,0,1,0,0,0,0,0,1,0,16219
129,,,Lakeport,0,0,1,0,0,0,0,1,0,0,4763
130,,,La Mesa,1,0,0,0,0,0,1,0,0,0,60442
131,,,Lancaster,9,0,2,0,0,0,1,3,4,3,160818
132,,,Lawndale,1,0,0,0,0,0,0,0,0,1,33121
133,,,Livermore,3,2,1,0,0,0,1,3,1,1,91612
134,,,Lodi,1,1,0,0,0,0,0,0,1,1,66416
135,,,Long Beach,6,0,3,0,0,0,2,2,3,2,470445
136,,,Los Angeles3,136,63,74,0,0,10,45,78,89,70,4029741
137,,,Los Banos,0,0,1,0,0,0,1,0,0,0,39651
138,,,Lynwood,1,0,0,0,0,0,1,0,0,0,71315
139,,,Malibu,1,0,0,0,0,0,0,0,0,1,12911
140,,,Marysville,1,0,0,0,0,0,0,1,0,0,12459
141,,,Menifee,2,0,0,0,0,0,2,0,0,0,92540
142,,,Modesto,2,1,2,0,2,0,1,1,4,1,215822
143,,,Monterey,2,0,0,0,0,0,0,1,1,0,28744
144,,,Moreno Valley,1,0,0,0,0,0,1,0,0,0,209145
145,,,Morro Bay,0,0,1,0,0,0,,1,0,0,10692
146,,,Mountain View,1,0,0,0,0,0,0,0,1,0,82518
147,,,Newark,1,0,0,0,0,0,0,0,1,0,48276
148,,,Newport Beach,1,0,2,0,0,1,3,1,0,0,86276
149,,,Norwalk,3,0,0,0,0,0,0,0,2,1,106158
150,,,Oakland,3,5,5,1,0,1,3,3,5,4,430230
151,,,Oceanside,2,0,0,0,0,0,1,0,0,1,177464
152,,,Orange,2,0,0,0,0,0,1,1,0,0,141108
153,,,Oroville,1,0,0,0,0,0,0,0,1,0,19186
154,,,Oxnard,0,1,1,0,0,0,0,1,1,0,211737
155,,,Pacifica,0,1,2,0,0,0,0,0,2,1,39339
156,,,Palmdale,1,0,0,0,0,0,0,1,0,0,158177
157,,,Palm Springs,1,0,3,0,0,0,0,1,1,2,48644
158,,,Palo Alto,2,2,1,0,0,0,2,3,0,0,67560
159,,,Paramount,1,0,1,0,0,0,0,1,1,0,55023
160,,,Parlier,1,0,0,0,0,0,0,1,0,0,15356
161,,,Pasadena,1,2,0,0,0,0,1,0,1,1,143448
162,,,Perris,1,0,0,0,0,0,1,0,0,0,79238
163,,,Petaluma,1,0,0,0,0,0,0,0,1,0,61289
164,,,Pinole,1,0,0,0,0,0,0,1,0,0,19509
165,,,Pittsburg,1,0,0,0,0,0,0,0,1,0,73462
166,,,Placentia,3,1,1,0,0,0,0,2,1,2,52324
167,,,Pleasanton,1,0,0,0,0,0,0,1,0,0,84992
168,,,Poway,0,1,0,0,0,0,0,0,0,1,50346
169,,,Rancho Cucamonga,2,0,0,0,0,0,0,0,0,2,179114
170,,,Rancho Santa Margarita,1,0,0,0,0,0,0,1,0,0,48918
171,,,Red Bluff,2,0,0,0,0,0,0,1,0,1,14315
172,,,Redding,9,0,0,0,0,0,1,3,3,2,92068
173,,,Redlands,1,0,0,0,0,0,0,0,1,0,71954
174,,,Redwood City,1,1,0,0,0,0,2,0,0,0,88161
175,,,Rialto,1,0,0,0,0,0,0,1,0,0,104173
176,,,Richmond,11,1,0,0,0,0,3,3,6,0,110982
177,,,Rio Vista,0,1,0,0,0,0,0,1,,0,9268
178,,,Ripon,1,0,0,0,0,0,0,0,1,0,15878
179,,,Riverside,9,1,0,0,0,0,0,2,5,3,331022
180,,,Roseville,5,0,0,0,0,0,2,1,2,0,137706
181,,,Sacramento,4,1,6,0,0,0,1,5,1,4,507037
182,,,Salinas,0,0,1,0,0,0,,0,0,1,158590
183,,,San Bernardino,4,0,0,0,0,0,1,3,0,0,217986
184,,,San Bruno,0,0,1,0,0,0,1,0,0,0,43621
185,,,San Clemente,1,0,1,0,0,0,0,0,2,0,65509
186,,,San Diego,20,8,12,0,0,0,10,11,8,11,1436495
187,,,San Dimas,0,1,0,0,0,0,1,0,0,0,34463
188,,,San Francisco,41,8,17,0,0,2,20,22,11,15,889282
189,,,San Gabriel,2,0,0,0,0,0,1,1,0,0,40637
190,,,San Jacinto,2,0,0,0,0,0,0,1,0,1,48830
191,,,San Jose,22,6,9,0,0,0,7,10,10,10,1047305
192,,,San Leandro,1,1,0,0,0,0,1,1,0,0,91359
193,,,San Luis Obispo,4,0,0,1,1,0,1,1,1,3,47885
194,,,San Marcos,1,0,0,0,0,0,0,1,0,0,98088
195,,,San Mateo,0,0,1,0,0,0,0,1,0,0,105839
196,,,San Pablo,0,1,0,0,0,0,0,1,0,0,31403
197,,,San Rafael,3,1,0,0,0,0,2,1,1,0,59254
198,,,San Ramon,0,1,0,0,0,0,1,0,0,0,76569
199,,,Santa Ana,6,6,1,0,0,0,1,2,8,2,335403
200,,,Santa Barbara,2,0,0,0,0,0,2,0,0,0,92630
201,,,Santa Clarita,0,0,1,0,0,0,0,0,0,1,216589
202,,,Santa Cruz3,5,2,3,0,0,0,2,4,1,2,65680
203,,,Santa Maria,1,0,0,0,0,0,0,1,0,0,108100
204,,,Santa Monica,1,0,0,0,0,0,0,0,1,0,92674
205,,,Santa Rosa,2,1,3,0,0,0,0,1,3,2,176325
206,,,Santee,1,0,0,0,0,0,0,0,0,1,58781
207,,,Scotts Valley,0,0,1,0,0,0,0,1,0,0,11998
208,,,Seaside,1,0,0,0,0,0,0,0,0,1,34303
209,,,Simi Valley,4,2,1,0,0,0,1,2,2,2,127222
210,,,South Gate,1,0,0,0,0,0,0,1,0,0,95570
211,,,South Lake Tahoe,0,2,3,0,0,0,,3,2,0,22060
212,,,South Pasadena,1,0,0,0,0,0,1,0,0,0,25924
213,,,Stockton,2,1,1,0,0,0,0,2,1,1,313158
214,,,Sunnyvale,2,2,0,0,0,0,0,1,0,3,155637
215,,,Thousand Oaks,1,0,0,0,0,0,1,0,0,0,129319
216,,,Torrance,0,0,2,0,0,0,1,1,0,0,146968
217,,,Tracy,0,0,2,0,0,0,1,0,0,1,91988
218,,,Turlock,1,0,1,0,0,0,0,1,1,0,74267
219,,,Union City,1,0,0,0,0,0,0,0,0,1,76198
220,,,Upland,2,0,0,0,0,0,0,1,1,0,77453
221,,,Vallejo,1,0,0,0,0,0,0,1,0,0,122974
222,,,Ventura,4,0,0,0,0,0,2,0,0,2,111272
223,,,Victorville,3,0,0,2,0,0,0,2,1,2,123343
224,,,Vista,0,0,1,0,0,0,0,0,1,0,102742
225,,,Walnut Creek,1,0,0,0,0,0,0,1,0,0,70587
226,,,West Covina,3,0,0,0,0,0,1,1,0,1,107806
227,,,West Hollywood,6,1,4,0,0,1,3,5,4,0,37478
228,,,Williams,0,0,1,0,0,0,1,0,0,0,5380
229,,,Yucaipa,1,0,0,0,0,0,0,1,0,0,54001
230,,,Yucca Valley,1,0,0,0,0,0,0,1,0,0,21895
231,,Universities and Colleges,,7,5,6,0,1,1,,,,,
232,,,California State University:,,,,,,,,,,,
233,,,Fresno,1,0,0,0,0,0,1,0,0,0,26380
234,,,Northridge,1,2,1,0,0,0,0,1,1,2,41909
235,,,Foothill-De Anza College,0,0,0,0,0,1,1,0,0,0,63210
236,,,Humboldt State University,1,1,0,0,1,0,0,0,0,3,9171
237,,,San Francisco State University,0,1,1,0,0,0,0,0,1,1,33036
238,,,State Center Community College District,0,0,1,0,0,0,0,1,,0,60065
239,,,University of California:,,,,,,,,,,,
240,,,Davis,0,0,1,0,0,0,0,1,0,0,38778
241,,,Los Angeles,1,1,1,0,0,0,1,1,0,1,46298
242,,,San Diego,3,0,0,0,0,0,0,0,2,1,36785
243,,,Santa Barbara,0,0,1,0,0,0,0,0,0,1,25833
244,,Metropolitan Counties,,40,11,21,2,0,2,,,,,
245,,,El Dorado,1,0,0,0,0,0,0,0,1,0,
246,,,Fresno,1,0,0,0,0,0,0,0,1,0,
247,,,Imperial,1,0,0,0,0,0,0,1,0,0,
248,,,Kern,3,1,0,0,0,0,1,2,1,0,
249,,,Los Angeles,9,1,7,0,0,2,5,7,5,2,
250,,,Monterey,0,0,1,0,0,0,1,0,0,0,
251,,,Napa,1,0,0,0,0,0,0,1,0,0,
252,,,Orange,1,0,0,0,0,0,1,0,0,0,
253,,,Riverside,2,0,1,0,0,0,0,1,2,0,
254,,,Sacramento,3,1,0,0,0,0,2,2,0,0,
255,,,San Bernardino,1,0,0,0,0,0,0,1,0,0,
256,,,San Diego,2,1,3,0,0,0,0,4,0,2,
257,,,San Mateo,1,0,1,1,0,0,2,0,1,0,
258,,,Santa Clara,2,2,2,1,0,0,2,0,4,1,
259,,,Santa Cruz,6,5,2,0,0,0,3,3,4,3,
260,,,Solano,3,0,2,0,0,0,2,2,,1,
261,,,Ventura,0,0,1,0,0,0,1,0,0,0,
262,,,Yuba,3,0,1,0,0,0,2,1,1,0,
263,,Nonmetropolitan Counties,,4,0,0,0,0,0,,,,,
264,,,Calaveras,1,0,0,0,0,0,0,1,0,0,
265,,,Lassen,1,0,0,0,0,0,0,0,1,0,
266,,,Mendocino,2,0,0,0,0,0,2,0,0,0,
267,,Other Agencies,,7,0,3,0,0,1,,,,,
268,,,California State Fair,0,0,0,0,0,1,0,0,1,0,
269,,,Los Angeles Transportation Services Bureau,2,0,1,0,0,0,0,1,1,1,
270,,,Port of San Diego Harbor,2,0,1,0,0,0,0,2,1,,
271,,,San Francisco Bay Area Rapid Transit:  ,,,,,,,,,,,
272,,,Alameda County,1,0,0,0,0,0,0,1,0,0,
273,,,Contra Costa County,0,0,1,0,0,0,0,0,1,0,
274,,,Santa Clara Transit District,1,0,0,0,0,0,1,0,0,0,
275,,,Twin Rivers Unified School District,1,0,0,0,0,0,0,1,0,0,
276,Colorado,Total,,78,16,24,2,0,3,,,,,
277,,Cities,,55,10,15,1,0,3,,,,,
278,,,Aurora,8,2,0,0,0,0,2,4,2,2,324276
279,,,Boulder,2,0,0,0,0,0,1,0,0,1,108380
280,,,Brighton3,2,0,2,0,0,0,0,0,1,2,40696
281,,,Canon City,2,0,0,0,0,0,0,2,0,0,16557
282,,,Centennial,2,1,2,0,0,0,2,1,1,1,111646
283,,,Colorado Springs,7,3,0,0,0,0,1,4,2,3,471124
284,,,Commerce City,1,0,0,0,0,0,0,1,0,0,57474
285,,,Denver3,15,3,8,1,0,3,4,12,8,5,720745
286,,,Fort Collins,4,0,1,0,0,0,2,2,0,1,168163
287,,,Golden,0,0,1,0,0,0,0,0,0,1,20768
288,,,Grand Junction,2,0,0,0,0,0,1,1,0,0,62974
289,,,Lafayette,1,0,1,0,0,0,1,1,0,0,28914
290,,,Lone Tree,1,0,0,0,0,0,0,0,1,0,13933
291,,,Longmont,2,0,0,0,0,0,0,1,0,1,95217
292,,,Louisville,1,0,0,0,0,0,0,0,0,1,21545
293,,,Rifle,2,0,0,0,0,0,0,1,1,0,9711
294,,,Silverthorne,0,1,0,0,0,0,0,0,1,0,4775
295,,,Sterling,1,0,0,0,0,0,0,0,0,1,13928
296,,,Trinidad,1,0,0,0,0,0,1,0,0,0,7947
297,,,Woodland Park,1,0,0,0,0,0,0,1,0,0,7709
298,,Universities and Colleges,,2,2,4,0,0,0,,,,,
299,,,Auraria Higher Education Center4,1,0,0,0,0,0,0,0,1,0,
300,,,"Colorado State University, Fort Collins",1,2,0,0,0,0,0,3,0,0,36966
301,,,University of Colorado:,,,,,,,,,,,
302,,,Boulder,0,0,2,0,0,0,0,0,2,0,37921
303,,,Colorado Springs,0,0,2,0,0,0,0,0,2,0,16743
304,,Metropolitan Counties,,16,2,3,1,0,0,,,,,
305,,,Adams,1,0,0,0,0,0,1,0,0,0,
306,,,Arapahoe,5,1,1,0,0,0,1,1,0,5,
307,,,Boulder,1,0,0,0,0,0,0,0,1,0,
308,,,El Paso,2,1,0,0,0,0,1,2,0,0,
309,,,Jefferson,3,0,0,1,0,0,1,2,1,0,
310,,,Larimer,4,0,1,0,0,0,2,1,1,1,
311,,,Mesa,0,0,1,0,0,0,0,0,1,0,
312,,Nonmetropolitan Counties,,5,2,2,0,0,0,,,,,
313,,,Archuleta,0,0,1,0,0,0,0,0,0,1,
314,,,Custer,0,0,1,0,0,0,0,1,0,0,
315,,,Logan,0,1,0,0,0,0,0,0,1,0,
316,,,Montezuma,1,0,0,0,0,0,0,0,1,0,
317,,,Summit,3,1,0,0,0,0,2,1,0,1,
318,,,Washington,1,0,0,0,0,0,0,0,1,0,
319,Connecticut,Total,,54,13,12,1,1,0,,,,,
320,,Cities,,51,10,9,1,1,0,,,,,
321,,,Berlin,1,0,0,0,0,0,0,1,0,0,20593
322,,,Bethel,0,0,0,1,0,0,0,0,0,1,19974
323,,,Bridgeport,4,0,0,0,0,0,,1,1,2,146819
324,,,Bristol,1,0,0,0,0,0,0,0,0,1,60184
325,,,Danbury,2,0,1,0,0,0,2,0,1,0,85818
326,,,East Hartford,1,0,0,0,0,0,0,1,0,0,50184
327,,,Fairfield,1,1,0,0,0,0,0,0,1,1,62452
328,,,Glastonbury,2,1,1,0,0,0,0,2,1,1,34593
329,,,Groton,0,1,0,0,0,0,0,0,1,0,9051
330,,,Guilford,1,0,0,0,0,0,0,0,0,1,22268
331,,,Middletown,4,0,0,0,0,0,0,1,1,2,46314
332,,,New Haven,5,2,0,0,0,0,1,2,3,1,131181
333,,,New Milford,1,0,0,0,0,0,0,0,1,0,26956
334,,,Norwalk,1,1,0,0,0,0,0,0,0,2,89442
335,,,Norwich,6,0,0,0,1,0,2,0,4,1,39318
336,,,Old Saybrook,5,0,0,0,0,0,2,2,0,1,10117
337,,,Orange,1,0,0,0,0,0,0,0,0,1,14002
338,,,Putnam,1,0,0,0,0,0,0,1,0,0,9325
339,,,Ridgefield,1,0,0,0,0,0,0,1,0,0,25260
340,,,Rocky Hill,1,1,0,0,0,0,0,1,0,1,20163
341,,,Southington,1,0,1,0,0,0,0,0,2,0,43960
342,,,South Windsor,0,0,1,0,0,0,0,1,0,0,25968
343,,,Stamford,4,2,2,0,0,0,1,1,2,4,132007
344,,,Stratford,1,0,0,0,0,0,0,1,0,0,52472
345,,,Torrington,2,0,1,0,0,0,1,0,0,2,34286
346,,,Trumbull,0,1,0,0,0,0,0,0,0,1,36167
347,,,Vernon,0,0,1,0,0,0,0,0,0,1,29304
348,,,Waterbury,2,0,0,0,0,0,0,2,0,0,108378
349,,,Willimantic,0,0,1,0,0,0,0,1,0,0,17691
350,,,Windsor,1,0,0,0,0,0,0,1,0,0,28867
351,,,Woodbridge,1,0,0,0,0,0,0,1,0,0,8832
352,,Universities and Colleges,,1,0,0,0,0,0,,,,,
353,,,Southern Connecticut State University,1,0,0,0,0,0,0,0,1,0,11978
354,,State Police Agencies,,1,3,3,0,0,0,,,,,
355,,,Connecticut State Police,1,3,3,0,0,0,4,0,2,1,
356,,Tribal Agencies,,1,0,0,0,0,0,,,,,
357,,,Mashantucket Pequot Tribal,1,0,0,0,0,0,0,0,1,0,
358,Delaware,Total,,13,1,2,0,0,0,,,,,
359,,Cities,,5,0,0,0,0,0,,,,,
360,,,Dover,1,0,0,0,0,0,0,1,0,0,37778
361,,,Felton,1,0,0,0,0,0,0,0,1,0,1414
362,,,Newark,1,0,0,0,0,0,0,1,0,0,34207
363,,,Seaford,1,0,0,0,0,0,1,0,0,0,7876
364,,,Wilmington,1,0,0,0,0,0,0,1,0,0,71157
365,,Universities and Colleges,,4,0,0,0,0,0,,,,,
366,,,Delaware State University,1,0,0,0,0,0,1,0,0,0,5162
367,,,University of Delaware,3,0,0,0,0,0,1,0,1,1,24855
368,,Metropolitan Counties,,3,0,2,0,0,0,,,,,
369,,,New Castle County Police Department,3,0,2,0,0,0,1,2,0,2,
370,,State Police Agencies,,1,1,0,0,0,0,,,,,
371,,,State Police:,,,,,,,,,,,
372,,,Kent County,1,0,0,0,0,0,0,0,0,1,
373,,,New Castle County,0,1,0,0,0,0,1,0,0,0,
374,District of Columbia,Total,,99,12,68,0,1,33,,,,,
375,,Cities,,88,12,60,0,1,33,,,,,
376,,,Washington,88,12,60,0,1,33,32,49,58,55,702455
377,,Other Agencies,,11,0,8,0,0,0,,,,,
378,,,Metro Transit Police,11,0,8,0,0,0,2,5,6,6,
379,Florida,Total,,71,29,35,1,0,5,,,,,
380,,Cities,,39,22,26,0,0,4,,,,,
381,,,Boca Raton,1,1,0,0,0,0,2,0,0,0,100162
382,,,Cape Coral,1,0,0,0,0,0,0,0,0,1,187869
383,,,Coral Gables,0,1,0,0,0,0,0,1,0,0,51716
384,,,Davie,2,1,0,0,0,0,0,2,1,,107120
385,,,Deerfield Beach,0,1,1,0,0,0,,1,0,1,81371
386,,,Fort Lauderdale,3,0,2,0,0,0,0,5,0,0,182150
387,,,Fort Myers,0,0,1,0,0,0,0,1,0,0,82805
388,,,Gainesville,1,2,0,0,0,0,1,0,1,1,133400
389,,,Groveland,1,0,0,0,0,0,0,0,,1,14342
390,,,Jacksonville,4,0,0,0,0,0,1,1,2,0,903213
391,,,Key West,0,0,1,0,0,0,0,0,1,0,25286
392,,,Largo,1,0,0,0,0,0,0,0,0,1,85568
393,,,Lauderdale Lakes,3,0,0,0,0,0,1,0,1,1,36575
394,,,Miami,3,1,4,0,0,2,3,1,3,3,473047
395,,,Miami Beach,1,11,7,0,0,1,5,4,7,4,92928
396,,,Minneola,1,0,0,0,0,0,1,0,0,0,11859
397,,,North Miami,0,0,1,0,0,0,1,0,0,0,62585
398,,,Ocala,1,0,0,0,0,0,0,1,0,0,59505
399,,,Orlando,2,0,2,0,0,0,1,0,2,1,286679
400,,,Palm Bay,6,0,0,0,0,0,1,0,3,2,112902
401,,,Parkland,0,1,0,0,0,0,0,0,1,0,33760
402,,,Pembroke Pines,0,1,0,0,0,0,0,1,0,0,173053
403,,,Pompano Beach,0,0,2,0,0,1,0,0,3,0,112045
404,,,Port St. Lucie,1,0,2,0,0,0,0,0,0,3,193137
405,,,Sebastian,0,0,1,0,0,0,0,0,0,1,25672
406,,,Sunrise,2,0,0,0,0,0,0,1,1,0,95812
407,,,Tallahassee,1,0,0,0,0,0,0,1,0,0,192443
408,,,Tampa,1,1,0,0,0,0,0,0,0,2,392945
409,,,Temple Terrace,2,0,0,0,0,0,1,0,1,0,26777
410,,,Weston,0,1,0,0,0,0,0,0,1,0,71744
411,,,West Palm Beach,1,0,1,0,0,0,0,0,2,0,111659
412,,,Wilton Manors,0,0,1,0,0,0,0,0,1,0,12941
413,,Universities and Colleges,,3,0,0,0,0,0,,,,,
414,,,Pensacola State College,3,0,0,0,0,0,2,0,1,0,13602
415,,Metropolitan Counties,,29,7,9,1,0,1,,,,,
416,,,Alachua,0,0,0,0,0,1,0,0,1,0,
417,,,Bay,0,0,1,0,0,0,0,1,0,0,
418,,,Brevard,1,0,0,0,0,0,0,1,0,0,
419,,,Broward,3,0,0,0,0,0,0,0,2,1,
420,,,Clay,1,0,1,0,0,0,0,0,0,2,
421,,,Collier,0,1,0,0,0,0,0,0,0,1,
422,,,Flagler,1,0,0,0,0,0,0,0,0,1,
423,,,Lake,2,0,0,0,0,0,0,0,1,1,
424,,,Lee,5,0,1,0,0,0,1,2,1,2,
425,,,Leon,0,1,0,0,0,0,1,0,0,0,
426,,,Manatee,1,0,0,0,0,0,0,0,1,0,
427,,,Martin,1,1,0,0,0,0,1,1,0,0,
428,,,Miami-Dade,2,2,1,1,0,0,2,3,0,1,
429,,,Orange,4,1,2,0,0,0,1,2,4,0,
430,,,Palm Beach,0,1,0,0,0,0,0,1,0,0,
431,,,Pinellas,1,0,0,0,0,0,0,0,0,1,
432,,,Polk,1,0,1,0,0,0,0,1,0,1,
433,,,Seminole,2,0,0,0,0,0,0,0,2,0,
434,,,St. Johns,1,0,1,0,0,0,0,1,1,0,
435,,,Sumter,1,0,1,0,0,0,1,0,1,0,
436,,,Volusia,2,0,0,0,0,0,1,0,0,1,
437,Georgia,Total,,28,4,3,0,0,0,,,,,
438,,Cities,,8,2,1,0,0,0,,,,,
439,,,Atlanta,1,1,0,0,0,0,0,2,0,0,461405
440,,,Columbus,4,1,1,0,0,0,4,1,,1,194135
441,,,Conyers,1,0,0,0,0,0,0,0,1,0,16128
442,,,Woodstock,2,0,0,0,0,0,1,1,0,0,32850
443,,Universities and Colleges,,1,0,0,0,0,0,,,,,
444,,,University of Georgia,1,0,0,0,0,0,0,0,1,0,40462
445,,Metropolitan Counties,,19,2,2,0,0,0,,,,,
446,,,Chatham County Police Department,1,0,0,0,0,0,0,0,1,0,
447,,,Cobb County Police Department,14,2,1,0,0,0,4,7,2,4,
448,,,Gwinnett County Police Department,3,0,1,0,0,0,0,2,2,0,
449,,,Henry County Police Department,1,0,0,0,0,0,0,0,0,1,
450,Hawaii,Total,,33,1,10,0,0,0,,,,,
451,,Cities,,33,1,10,0,0,0,,,,,
452,,,Honolulu,33,1,10,0,0,0,4,10,12,18,982019
453,Idaho,Total,,15,6,2,0,0,0,,,,,
454,,Cities,,14,6,2,0,0,0,,,,,
455,,,Boise,3,1,0,0,0,0,0,1,1,2,229265
456,,,Chubbuck,1,0,0,0,0,0,1,0,0,0,14998
457,,,Coeur d'Alene,2,0,1,0,0,0,0,1,1,1,51650
458,,,Filer,1,0,0,0,0,0,1,0,0,0,2813
459,,,Idaho Falls,1,1,0,0,0,0,1,0,1,0,61643
460,,,Jerome,1,0,0,0,0,0,0,0,0,1,11738
461,,,Ketchum,1,0,0,0,0,0,0,0,0,1,2771
462,,,Lewiston,2,0,0,0,0,0,0,0,1,1,32949
463,,,Meridian,0,0,1,0,0,0,0,0,0,1,103774
464,,,Nampa,2,0,0,0,0,0,1,0,1,0,95386
465,,,Pocatello,0,1,0,0,0,0,0,0,0,1,55304
466,,,Twin Falls,0,3,0,0,0,0,0,0,1,2,49908
467,,Nonmetropolitan Counties,,1,0,0,0,0,0,,,,,
468,,,Cassia,1,0,0,0,0,0,0,1,0,,
469,Illinois,Total,,62,20,20,0,0,6,,,,,
470,,Cities,,59,20,19,0,0,6,,,,,
471,,,Addison,1,0,0,0,0,0,0,1,0,0,36791
472,,,Aurora,1,0,0,0,0,0,0,0,0,1,133546
473,,,Bartlett,1,0,0,0,0,0,0,0,0,1,24369
474,,,Calumet City,1,0,0,0,0,0,1,0,0,0,36560
475,,,Champaign,0,0,1,0,0,0,0,0,1,0,88326
476,,,Chicago,36,10,13,0,0,3,11,21,20,10,2719151
477,,,Crete,1,0,0,0,0,0,0,1,0,0,8147
478,,,DeKalb,3,0,0,0,0,0,1,1,1,0,43064
479,,,East Peoria,1,0,0,0,0,0,0,0,1,0,22640
480,,,Elgin,0,1,1,0,0,0,0,0,1,1,87989
481,,,Evanston,0,0,1,0,0,0,0,0,1,0,74780
482,,,Galesburg,2,0,0,0,0,0,0,1,0,1,30573
483,,,Harwood Heights,1,0,0,0,0,0,0,1,0,0,8490
484,,,Herscher,1,0,0,0,0,0,0,0,1,0,1515
485,,,Joliet,0,3,0,0,0,0,0,0,0,3,137970
486,,,Marengo,0,0,1,0,0,0,0,0,1,0,7470
487,,,Normal,2,0,0,0,0,0,0,0,1,1,54525
488,,,Orland Park,0,4,0,0,0,0,0,1,1,2,58873
489,,,Peoria,1,0,0,0,0,1,1,1,0,0,112595
490,,,Plainfield,1,0,0,0,0,1,2,0,0,0,42281
491,,,Quincy,1,0,0,0,0,0,0,1,0,0,40249
492,,,Rockford3,3,0,2,0,0,0,0,2,1,1,146196
493,,,Rolling Meadows,0,1,0,0,0,0,0,1,0,0,23970
494,,,Romeoville,1,0,0,0,0,0,0,0,1,,39625
495,,,Skokie,0,1,0,0,0,0,0,1,0,0,63849
496,,,Watseka,0,0,0,0,0,1,0,0,1,,4868
497,,,Willow Springs,1,0,0,0,0,0,0,1,0,0,5639
498,,Universities and Colleges,,0,0,1,0,0,0,,,,,
499,,,Western Illinois University,0,0,1,0,0,0,1,0,0,,11951
500,,Metropolitan Counties,,2,0,0,0,0,0,,,,,
501,,,Kankakee,1,0,0,0,0,0,0,0,1,0,
502,,,Will,1,0,0,0,0,0,1,0,0,0,
503,,Nonmetropolitan Counties,,1,0,0,0,0,0,,,,,
504,,,Perry,1,0,0,0,0,0,1,0,0,0,
505,Indiana,Total,,75,20,11,1,2,2,0,,,,
506,,Cities,,69,13,10,1,2,1,,,,,
507,,,Bloomington,6,1,0,0,0,0,1,3,1,2,85730
508,,,Columbus,2,0,0,0,0,0,,2,,,47595
509,,,Fort Wayne,0,1,0,0,0,0,0,0,1,0,267634
510,,,Greenfield,1,0,0,0,0,0,0,1,0,0,22292
511,,,Hammond,4,0,0,0,0,0,,1,2,1,76050
512,,,Indianapolis3,22,5,5,0,2,0,3,13,10,5,877584
513,,,Jasper,0,1,0,0,0,0,,,0,1,15583
514,,,Lafayette,5,0,0,0,0,0,1,,3,1,72904
515,,,Lawrence,3,0,1,0,0,1,0,2,1,2,49093
516,,,Plainfield,2,0,0,0,0,0,1,,,1,33668
517,,,South Bend3,18,2,3,1,0,0,4,6,7,6,102397
518,,,Terre Haute,6,3,1,0,0,0,3,3,2,2,60773
519,,Universities and Colleges,,2,1,1,0,0,1,,,,,
520,,,"Indiana University, Bloomington",1,1,0,0,0,1,1,,2,,53254
521,,,Purdue University,1,0,1,0,0,0,2,,,,44190
522,,Metropolitan Counties,,1,0,0,0,0,0,,,,,
523,,,Madison,1,0,0,0,0,0,0,0,0,1,
524,,State Police Agencies,,3,6,0,0,0,0,,,,,
525,,,State Police:,,,,,,,,,,,
526,,,Clark County,0,1,0,0,0,0,0,1,0,0,
527,,,Floyd County,0,1,0,0,0,0,0,0,0,1,
528,,,Lake County,0,1,0,0,0,0,0,0,1,0,
529,,,Marion County,1,0,0,0,0,0,0,0,1,0,
530,,,Miami County,1,0,0,0,0,0,0,1,0,0,
531,,,Monroe County,0,1,0,0,0,0,0,0,1,0,
532,,,Orange County,0,1,0,0,0,0,0,0,0,1,
533,,,Spencer County,1,0,0,0,0,0,0,1,0,0,
534,,,St. Joseph County,0,1,0,0,0,0,0,1,0,0,
535,Iowa,Total,,4,2,2,2,0,0,,,,,
536,,Cities,,2,1,2,2,0,0,,,,,
537,,,Des Moines,0,1,0,0,0,0,0,1,0,0,219159
538,,,Dubuque,1,0,0,0,0,0,0,0,1,0,58362
539,,,Grinnell,1,0,0,0,0,0,0,0,1,0,9000
540,,,Le Mars,0,0,0,1,0,0,0,1,0,,9989
541,,,Mount Vernon,0,0,1,0,0,0,0,1,,,4426
542,,,Pella,0,0,1,0,0,0,0,0,1,0,10208
543,,,Pleasant Hill,0,0,0,1,0,0,1,0,0,0,10030
544,,Universities and Colleges,,1,0,0,0,0,0,,,,,
545,,,University of Iowa,1,0,0,0,0,0,1,0,0,,35671
546,,Metropolitan Counties,,1,1,0,0,0,0,,,,,
547,,,Dubuque,1,1,0,0,0,0,1,0,1,0,
548,Kansas,Total,,35,18,9,7,0,0,,,,,
549,,Cities,,19,16,6,6,0,0,,,,,
550,,,Bel Aire,0,1,0,0,0,0,0,0,0,1,8092
551,,,Burlington,0,0,1,0,0,0,1,0,0,0,2537
552,,,Chanute,1,0,0,0,0,0,1,0,,,9046
553,,,Dodge City,1,1,0,0,0,0,0,0,1,1,27756
554,,,Garden City,0,0,0,1,0,0,0,0,1,0,26902
555,,,Goodland,0,1,0,0,0,0,1,0,0,0,4400
556,,,Great Bend,1,0,1,0,0,0,0,0,1,1,15251
557,,,Hutchinson,4,0,0,1,0,0,1,2,1,1,40573
558,,,Iola,1,0,0,0,0,0,0,1,0,0,5306
559,,,Liberal,2,1,2,1,0,0,1,3,1,1,19725
560,,,Olathe,1,0,0,0,0,0,0,0,1,0,139154
561,,,Ottawa,1,0,1,0,0,0,1,1,0,0,12300
562,,,Overland Park,1,1,0,0,0,0,1,0,1,0,193877
563,,,Pittsburg,0,1,0,0,0,0,0,0,1,0,20210
564,,,Salina,2,0,1,1,0,0,1,0,2,1,46862
565,,,Shawnee,1,0,0,0,0,0,0,0,0,1,65983
566,,,St. Marys,0,1,0,0,0,0,0,0,0,1,2646
567,,,Topeka,2,1,0,0,0,0,0,0,3,0,126399
568,,,Valley Center,0,0,0,2,0,0,2,0,0,0,7370
569,,,Wellington,0,3,0,0,0,0,0,0,0,3,7775
570,,,Wichita,1,2,0,0,0,0,1,0,1,1,391726
571,,,Winfield,0,3,0,0,0,0,0,0,0,3,12072
572,,Universities and Colleges,,2,0,2,0,0,0,,,,,
573,,,Kansas State University,1,0,0,0,0,0,0,0,1,0,25775
574,,,University of Kansas:,,,,,,,,,,,
575,,,Main Campus,0,0,1,0,0,0,0,0,0,1,31201
576,,,Medical Center4,1,0,1,0,0,0,1,0,1,0,
577,,Metropolitan Counties,,7,2,0,0,0,0,,,,,
578,,,Jefferson,2,1,0,0,0,0,2,0,0,1,
579,,,Johnson,1,0,0,0,0,0,0,0,1,0,
580,,,Riley County Police Department,2,0,0,0,0,0,0,0,1,1,
581,,,Sedgwick,1,1,0,0,0,0,1,1,0,0,
582,,,Wyandotte,1,0,0,0,0,0,1,0,0,0,
583,,Nonmetropolitan Counties,,6,0,1,0,0,0,,,,,
584,,,Crawford,2,0,0,0,0,0,0,1,1,0,
585,,,Dickinson,1,0,0,0,0,0,0,1,0,0,
586,,,Franklin,1,0,0,0,0,0,1,0,0,0,
587,,,Montgomery,1,0,0,0,0,0,1,0,0,0,
588,,,Pratt,1,0,0,0,0,0,0,0,1,0,
589,,,Saline,0,0,1,0,0,0,1,0,0,0,
590,,State Police Agencies,,1,0,0,0,0,0,,,,,
591,,,"Highway Patrol, Troop E",1,0,0,0,0,0,0,1,0,0,
592,,Tribal Agencies,,0,0,0,1,0,0,,,,,
593,,,Potawatomi Tribal,0,0,0,1,0,0,0,1,0,0,
594,Kentucky,Total,,189,16,22,3,8,2,, ,,,
595,,Cities,,132,9,21,3,5,2,,,,,
596,,,Ashland,2,0,1,0,0,0,0,1,1,1,20525
597,,,Berea,1,0,0,0,0,0,1,0,0,0,15893
598,,,Bowling Green,8,2,0,0,2,0,6,3,1,2,68268
599,,,Cadiz,0,0,0,0,1,0,0,0,0,1,2637
600,,,Calvert City,1,0,0,0,0,0,0,0,0,1,2513
601,,,Campbellsville,2,0,0,0,0,0,1,0,1,0,11503
602,,,Columbia,1,0,0,0,0,0,0,1,0,0,4927
603,,,Corbin,1,0,0,0,0,0,1,0,0,0,5517
604,,,Covington,4,1,1,0,0,1,1,1,3,2,40448
605,,,Cynthiana,1,0,0,1,0,0,1,0,0,1,6362
606,,,Danville,2,0,0,0,0,0,0,1,1,0,16801
607,,,Dawson Springs,2,0,0,0,0,0,0,0,2,0,2665
608,,,Elizabethtown,1,0,0,0,0,0,0,1,0,0,30180
609,,,Erlanger,1,0,0,0,0,0,1,0,0,0,22993
610,,,Falmouth,0,0,1,0,0,0,0,0,0,1,2100
611,,,Florence,4,0,0,0,0,0,2,1,0,1,32701
612,,,Fort Mitchell,1,0,0,0,0,0,0,1,0,0,8260
613,,,Fort Thomas,1,0,0,0,0,0,0,0,1,0,16274
614,,,Frankfort,6,0,0,0,0,0,0,0,4,2,27664
615,,,Fulton,1,0,0,0,0,0,0,0,1,0,2175
616,,,Georgetown,7,0,0,0,0,0,2,2,3,0,34351
617,,,Glasgow,2,0,0,0,0,0,0,2,0,0,14411
618,,,Henderson,2,0,0,0,0,0,0,0,1,1,28618
619,,,Highland Heights,1,0,0,0,0,0,1,0,0,0,7112
620,,,Hopkinsville,2,0,1,0,0,0,0,0,2,1,30606
621,,,Independence,1,0,0,0,0,0,0,0,0,1,28052
622,,,Jeffersontown,3,0,0,0,0,0,0,1,1,1,27443
623,,,La Grange3,1,0,0,0,1,0,0,0,1,0,8995
624,,,Lancaster,1,0,0,0,0,0,0,0,1,0,3866
625,,,Lawrenceburg,1,0,0,0,0,0,1,0,0,0,11378
626,,,Lebanon,1,0,0,0,0,0,0,0,1,0,5668
627,,,Lexington3,23,3,7,1,1,0,5,7,6,15,325579
628,,,London,1,0,1,0,0,0,1,1,0,0,8008
629,,,Louisville Metro,9,0,2,1,0,1,5,1,1,6,682005
630,,,Mount Washington,1,0,0,0,0,0,0,0,1,0,14704
631,,,Murray,0,1,0,0,0,0,0,0,0,1,19402
632,,,Newport,1,0,0,0,0,0,0,1,0,0,14972
633,,,Nicholasville3,4,0,1,0,0,0,0,2,1,1,30922
634,,,Oak Grove,1,0,2,0,0,0,1,0,0,2,7232
635,,,Owensboro,4,0,0,0,0,0,0,2,1,1,59686
636,,,Owingsville,1,0,0,0,0,0,0,0,1,0,1575
637,,,Paducah,4,1,1,0,0,0,3,1,2,0,24933
638,,,Paris3,3,0,1,0,0,0,2,1,0,0,9809
639,,,Radcliff,3,0,0,0,0,0,0,1,2,0,22576
640,,,Richmond,3,0,0,0,0,0,0,3,0,0,35952
641,,,Russell Springs,1,0,0,0,0,0,0,0,1,0,2588
642,,,Russellville,1,0,0,0,0,0,0,0,1,0,7088
643,,,Shelbyville,1,0,0,0,0,0,0,0,0,1,16138
644,,,St. Matthews,1,0,0,0,0,0,0,1,0,0,18228
645,,,Taylorsville,1,0,0,0,0,0,0,1,0,0,1262
646,,,Tompkinsville,1,0,0,0,0,0,0,0,0,1,2267
647,,,Uniontown,1,0,0,0,0,0,1,0,0,0,943
648,,,Versailles,2,1,0,0,0,0,0,0,1,2,26552
649,,,Vine Grove,1,0,0,0,0,0,0,1,0,0,6237
650,,,Williamsburg,1,0,0,0,0,0,0,0,1,0,5299
651,,,Wilmore,1,0,1,0,0,0,1,0,1,0,6406
652,,,Winchester,0,0,1,0,0,0,0,1,0,0,18505
653,,Universities and Colleges,,3,0,0,0,1,0,,,,,
654,,,Morehead State University,1,0,0,0,0,0,1,0,0,0,12390
655,,,University of Kentucky,0,0,0,0,1,0,0,0,0,1,31564
656,,,University of Louisville,2,0,0,0,0,0,0,1,1,0,25091
657,,Metropolitan Counties,,18,4,0,0,0,0,,,,,
658,,,Boone,6,1,0,0,0,0,1,2,0,4,
659,,,Bourbon,0,1,0,0,0,0,0,0,1,0,
660,,,Boyd,3,1,0,0,0,0,0,2,1,1,
661,,,Campbell County Police Department,2,0,0,0,0,0,0,0,1,1,
662,,,Gallatin,1,0,0,0,0,0,0,0,1,0,
663,,,Jessamine,1,0,0,0,0,0,0,0,1,0,
664,,,Oldham County Police Department,1,1,0,0,0,0,1,0,0,1,
665,,,Scott,1,0,0,0,0,0,0,0,0,1,
666,,,Shelby,1,0,0,0,0,0,0,0,0,1,
667,,,Warren,2,0,0,0,0,0,2,0,0,0,
668,,Nonmetropolitan Counties,,10,2,1,0,2,0,,,,,
669,,,Boyle,2,0,0,0,0,0,0,0,2,0,
670,,,Clay,0,1,0,0,0,0,0,0,0,1,
671,,,Franklin,1,0,0,0,0,0,0,1,0,0,
672,,,Garrard County Police Department,0,0,1,0,0,0,0,1,0,0,
673,,,Hart,1,0,0,0,0,0,0,1,0,0,
674,,,Laurel,0,1,0,0,0,0,1,0,0,0,
675,,,Lee,1,0,0,0,0,0,0,0,1,0,
676,,,McCracken,1,0,0,0,2,0,1,0,2,0,
677,,,Montgomery,1,0,0,0,0,0,1,0,0,0,
678,,,Pulaski,2,0,0,0,0,0,1,0,0,1,
679,,,Whitley,1,0,0,0,0,0,0,0,1,0,
680,,State Police Agencies,,19,1,0,0,0,0,,,,,
681,,,State Police:,,,,,,,,,,,
682,,,Ashland,0,1,0,0,0,0,1,0,0,0,
683,,,Bowling Green,1,0,0,0,0,0,0,0,0,1,
684,,,Campbellsburg,3,0,0,0,0,0,1,0,2,0,
685,,,Cannabis Suppression Section,1,0,0,0,0,0,0,0,1,0,
686,,,Dry Ridge,1,0,0,0,0,0,0,0,1,0,
687,,,Elizabethtown,3,0,0,0,0,0,1,1,0,1,
688,,,Frankfort,2,0,0,0,0,0,0,1,1,0,
689,,,Hazard,3,0,0,0,0,0,0,0,2,1,
690,,,Madisonville,1,0,0,0,0,0,0,1,0,0,
691,,,Morehead,2,0,0,0,0,0,0,1,1,0,
692,,,West Drug Enforcement Branch,2,0,0,0,0,0,0,0,1,1,
693,,Other Agencies,,7,0,0,0,0,0,,,,,
694,,,Cincinnati-Northern Kentucky International Airport,1,0,0,0,0,0,1,0,0,0,
695,,,Fayette County Schools,1,0,0,0,0,0,0,0,0,1,
696,,,Greater Hardin County Narcotics Task Force,1,0,0,0,0,0,1,0,0,0,
697,,,Jefferson County School District,1,0,0,0,0,0,1,0,0,0,
698,,,South Central Kentucky Drug Task Force,3,0,0,0,0,0,0,0,3,0,
699,Louisiana,Total,,25,13,6,0,1,0,,,,,
700,,Cities,,7,3,0,0,0,0,,,,,
701,,,Franklinton,1,0,0,0,0,0,0,,1,0,3771
702,,,Gonzales,1,0,0,0,0,0,0,0,1,0,10916
703,,,Monroe,1,3,0,0,0,0,1,1,1,1,48291
704,,,New Orleans,2,0,0,0,0,0,1,1,0,0,396374
705,,,Tallulah,1,0,0,0,0,0,0,1,0,0,6777
706,,,Westlake,1,0,0,0,0,0,1,0,0,,4627
707,,Universities and Colleges,,0,0,1,0,0,0,,,,,
708,,,"Southern University and A&M College, New Orleans",0,0,1,0,0,0,0,0,0,1,3113
709,,Metropolitan Counties,,8,9,5,0,1,0,,,,,
710,,,Bossier,2,2,0,0,0,0,0,2,2,0,
711,,,Calcasieu,2,5,2,0,0,0,4,2,3,0,
712,,,Lafourche,1,0,3,0,0,0,4,0,0,0,
713,,,Morehouse,0,0,0,0,1,0,0,1,0,0,
714,,,Ouachita,0,2,0,0,0,0,0,0,1,1,
715,,,Rapides,2,0,0,0,0,0,1,1,0,0,
716,,,St. John the Baptist,1,0,0,0,0,0,0,0,1,0,
717,,Nonmetropolitan Counties,,10,1,0,0,0,0,,,,,
718,,,Concordia,1,1,0,0,0,0,1,0,0,1,
719,,,Evangeline,6,0,0,0,0,0,0,0,6,0,
720,,,Madison,2,0,0,0,0,0,0,1,0,1,
721,,,Washington,1,0,0,0,0,0,1,0,0,0,
722,Maine,Total,,11,1,6,1,0,1,,,,,
723,,Cities,,11,1,5,1,0,0,,,,,
724,,,Biddeford,1,0,0,0,0,0,0,1,0,0,21519
725,,,Eastport,1,0,0,0,0,0,0,0,1,0,1258
726,,,Lewiston,0,0,1,0,0,0,0,0,1,0,36170
727,,,Portland,7,1,3,1,0,0,3,5,2,2,66997
728,,,Saco,1,0,1,0,0,0,0,1,0,1,19628
729,,,South Portland,1,0,0,0,0,0,1,0,0,0,25557
730,,State Police Agencies,,0,0,1,0,0,1,,,,,
731,,,Maine State Police,0,0,1,0,0,1,2,0,0,0,
732,Maryland,Total,,27,7,9,2,0,5,,,,,
733,,Cities,,3,2,2,0,0,0,,,,,
734,,,Baltimore,0,0,1,0,0,0,0,0,1,0,605436
735,,,Denton,1,0,0,0,0,0,0,1,0,0,4485
736,,,Laurel,0,1,0,0,0,0,0,1,0,0,26038
737,,,Riverdale Park3,1,1,0,0,0,0,0,0,0,1,7330
738,,,Takoma Park,0,0,1,0,0,0,0,1,0,0,18049
739,,,Taneytown,1,0,0,0,0,0,0,0,0,1,6795
740,,Universities and Colleges,,3,0,1,0,0,0,,,,,
741,,,Towson University,1,0,0,0,0,0,0,0,0,1,25467
742,,,University of Maryland:,,,,,,,,,,,
743,,,Baltimore County,2,0,0,0,0,0,0,0,2,0,15700
744,,,College Park,0,0,1,0,0,0,0,0,0,1,43691
745,,Metropolitan Counties,,16,5,6,2,0,5,,,,,
746,,,Anne Arundel County Police Department,3,0,1,0,0,2,2,1,3,0,
747,,,Baltimore County Police Department,1,0,2,0,0,0,,0,3,0,
748,,,Calvert,1,0,0,0,0,0,0,0,1,0,
749,,,Charles,1,0,0,0,0,0,0,1,0,,
750,,,Howard County Police Department,0,0,1,0,0,0,0,0,1,0,
751,,,Montgomery County Police Department,8,3,0,2,0,3,11,2,2,1,
752,,,Prince George's County Police Department,2,2,2,0,0,0,1,1,3,1,
753,,Nonmetropolitan Counties,,2,0,0,0,0,0,,,,,
754,,,Kent,2,0,0,0,0,0,0,1,0,1,
755,,State Police Agencies,,1,0,0,0,0,0,,,,,
756,,,"State Police, Wicomico County",1,0,0,0,0,0,0,1,0,0,
757,,Other Agencies,,2,0,0,0,0,0,,,,,
758,,,Natural Resources Police,1,0,0,0,0,0,0,0,0,1,
759,,,Transit Administration,1,0,0,0,0,0,0,0,1,0,
760,Massachusetts,Total,,200,86,69,6,5,7,,,,,
761,,Cities,,179,79,63,5,5,5,,,,,
762,,,Acton,0,1,0,0,0,0,0,1,0,0,24038
763,,,Amherst,2,1,0,0,0,0,0,2,1,0,40242
764,,,Andover,0,3,0,0,0,0,1,1,0,1,36324
765,,,Arlington,4,4,1,0,0,0,4,2,3,0,45876
766,,,Ashburnham,0,1,0,0,0,0,0,1,0,0,6335
767,,,Ashland,0,0,0,1,0,0,1,0,0,0,17860
768,,,Ayer,1,1,0,0,0,0,1,1,0,0,8246
769,,,Barnstable,1,2,0,0,0,0,0,0,1,2,44015
770,,,Belmont3,2,0,1,0,0,0,0,0,1,1,26700
771,,,Boston3,89,18,39,0,0,2,25,37,43,39,694673
772,,,Boxford,0,1,0,0,0,0,0,0,0,1,8355
773,,,Braintree,1,2,0,0,0,0,0,0,2,1,37345
774,,,Brockton,1,1,0,0,0,0,1,1,0,0,95922
775,,,Brookline,2,0,0,0,0,0,1,1,0,0,59199
776,,,Cambridge3,6,8,0,1,1,1,6,3,3,4,114881
777,,,Chelmsford,2,1,0,0,0,0,1,1,0,1,35264
778,,,Chicopee,1,0,0,0,0,0,0,0,1,0,55639
779,,,Chilmark,0,0,0,0,1,0,1,0,0,0,923
780,,,Cohasset,1,0,0,0,0,0,0,1,0,0,8665
781,,,Concord3,1,1,0,0,0,0,0,0,0,4,19459
782,,,Danvers,1,1,0,0,1,0,0,0,2,1,27703
783,,,Dracut,1,0,0,0,0,0,0,1,0,0,31917
784,,,Easthampton3,1,1,1,0,0,0,0,0,1,1,16050
785,,,Easton,1,0,0,0,0,0,0,0,0,1,25225
786,,,Edgartown,1,0,0,1,0,0,0,0,1,1,4357
787,,,Everett,0,1,0,0,0,0,0,1,0,0,47005
788,,,Falmouth3,1,1,0,0,0,0,1,0,0,0,31033
789,,,Framingham,3,3,0,0,0,0,1,3,2,0,72510
790,,,Great Barrington,0,1,0,0,0,0,1,0,0,0,6821
791,,,Groton,0,1,0,0,0,0,0,0,1,0,11462
792,,,Haverhill3,6,2,1,1,0,1,3,2,2,3,64012
793,,,Holbrook,1,1,0,0,0,0,0,0,0,2,11052
794,,,Lawrence,0,0,1,0,0,0,1,0,0,0,80669
795,,,Lynn,0,1,0,0,0,1,0,0,2,0,94558
796,,,Malden,1,0,0,0,0,0,0,0,1,0,61469
797,,,Medford,0,0,0,1,0,0,0,1,0,0,57997
798,,,Melrose3,1,1,1,0,0,0,0,1,0,0,28552
799,,,Milford,1,0,0,0,0,0,0,0,0,1,29056
800,,,Millbury,0,1,0,0,0,0,0,1,0,0,13802
801,,,Monson,0,1,0,0,0,0,0,1,0,0,8890
802,,,Nantucket,1,0,0,0,0,0,1,0,0,0,11388
803,,,Natick,1,0,0,0,0,0,0,1,0,0,36717
804,,,Newton,2,3,2,0,0,0,0,3,1,3,89505
805,,,Northampton,1,0,0,0,0,0,1,0,0,0,28587
806,,,North Andover,1,0,0,0,0,0,0,0,0,1,31394
807,,,Oak Bluffs,0,1,0,0,0,0,0,1,0,0,4699
808,,,Palmer,1,0,0,0,0,0,0,1,0,0,12320
809,,,Pittsfield3,2,1,0,0,0,0,0,1,0,1,42298
810,,,Provincetown,0,0,2,0,0,0,0,1,1,0,2960
811,,,Quincy,7,2,0,0,0,0,2,1,2,4,94388
812,,,Revere,2,0,2,0,0,0,0,0,3,1,54296
813,,,Salem,2,1,2,0,0,0,0,1,1,3,43634
814,,,Somerville3,5,1,3,0,1,0,1,5,2,1,82161
815,,,South Hadley,2,0,0,0,0,0,0,1,1,0,17799
816,,,Spencer,0,0,1,0,0,0,0,0,1,0,11989
817,,,Springfield,6,1,3,0,0,0,3,1,3,3,155179
818,,,Sturbridge3,2,1,0,0,0,0,1,0,0,1,9626
819,,,Swampscott3,2,3,0,0,0,0,0,3,0,0,15380
820,,,Tisbury,1,0,1,0,0,0,1,0,1,0,4131
821,,,Wales,0,0,0,0,1,0,0,1,0,0,1902
822,,,Waltham,4,2,1,0,0,0,3,1,1,2,62655
823,,,Watertown,0,1,0,0,0,0,0,1,0,0,36320
824,,,Westfield,1,0,0,0,0,0,1,0,0,0,41854
825,,,West Tisbury,1,0,0,0,0,0,0,0,0,1,2920
826,,,Winchester,1,0,0,0,0,0,0,1,0,0,23036
827,,,Winthrop,0,1,0,0,0,0,1,0,0,0,18783
828,,,Worcester,1,0,1,0,0,0,0,1,1,0,186188
829,,Universities and Colleges,,13,5,2,1,0,2,,,,,
830,,,Assumption College,1,0,0,0,0,0,0,1,0,0,2913
831,,,Boston University,2,0,0,0,0,0,0,0,2,0,40807
832,,,College of the Holy Cross,1,1,1,0,0,0,1,1,0,1,2806
833,,,Dean College,1,0,0,0,0,0,0,0,1,0,1568
834,,,Massasoit Community College3,1,1,0,0,0,0,0,0,0,1,10613
835,,,Northeastern University3,2,1,1,1,0,1,1,0,1,2,27486
836,,,Springfield Technical Community College,0,1,0,0,0,0,0,0,1,0,7713
837,,,"University of Massachusetts, Amherst",2,1,0,0,0,1,1,0,2,1,34778
838,,,Westfield State University,3,0,0,0,0,0,0,2,0,1,8017
839,,Other Agencies,,8,2,4,0,0,0,,,,,
840,,,Massachusetts Bay Transportation Authority:  ,,,,,,,,,,,
841,,,Essex County,0,0,1,0,0,0,0,0,0,1,
842,,,Norfolk County3,2,1,1,0,0,0,1,,2,,
843,,,Suffolk County3,6,1,2,0,0,0,2,1,1,4,
844,Michigan,Total,,282,48,70,19,12,0,,,,,
845,,Cities,,182,31,55,14,8,0,,,,,
846,,,Allen Park,1,0,0,0,0,0,0,0,1,0,27020
847,,,Ann Arbor,3,5,1,0,0,0,3,5,1,0,122571
848,,,Auburn Hills,1,0,0,0,0,0,0,0,0,1,23579
849,,,Bad Axe,1,0,0,0,0,0,0,0,1,0,2933
850,,,Battle Creek,0,0,2,0,0,0,0,2,0,0,60615
851,,,Bay City,0,0,2,0,0,0,0,0,2,0,32953
852,,,Belding,0,0,1,0,0,0,1,0,0,0,5737
853,,,Benton Township,1,0,1,0,0,0,0,1,0,1,14382
854,,,Bloomfield Township,1,0,0,0,0,0,0,0,1,0,42199
855,,,Bridgeport Township,1,0,0,0,0,0,0,1,0,0,9853
856,,,Brighton,0,0,1,0,0,0,0,1,0,0,7635
857,,,Bronson,0,1,0,0,0,0,0,1,0,0,2297
858,,,Burton,4,0,1,0,0,0,0,2,0,3,28464
859,,,Cadillac,0,2,1,0,0,0,0,1,2,0,10455
860,,,Canton Township,2,0,0,0,0,0,1,0,1,0,92055
861,,,Chelsea,1,0,0,0,0,0,0,0,1,0,5248
862,,,Chocolay Township,0,0,1,0,0,0,0,0,0,1,5936
863,,,Clare,1,0,0,0,0,0,0,1,0,0,2990
864,,,Clinton Township,2,0,0,0,0,0,1,0,0,1,101279
865,,,Coloma Township,0,0,0,1,0,0,0,0,0,1,6369
866,,,Dearborn,1,1,0,0,0,0,0,0,1,1,94022
867,,,Dearborn Heights,1,1,0,1,0,0,0,1,1,1,55495
868,,,Detroit,28,1,18,5,2,0,12,16,14,12,671275
869,,,DeWitt Township,0,0,0,1,0,0,0,1,0,0,15194
870,,,Dowagiac,1,0,0,0,0,0,0,0,0,1,5738
871,,,East Lansing,0,1,1,0,0,0,0,0,1,1,46913
872,,,Elkton,0,1,0,0,0,0,0,1,0,0,751
873,,,Escanaba,4,0,1,0,0,0,1,1,2,1,12169
874,,,Farmington Hills,0,1,0,0,0,0,0,0,1,0,81239
875,,,Ferndale,0,0,1,0,0,0,0,1,0,0,20095
876,,,Flat Rock,0,1,0,0,0,0,1,0,0,0,9967
877,,,Flint,9,0,0,0,1,0,3,0,0,7,95677
878,,,Flint Township,1,0,0,0,0,0,0,0,0,1,30378
879,,,Fowlerville,0,0,0,0,2,0,0,0,0,2,2953
880,,,Frankenmuth,1,0,0,0,0,0,0,0,1,0,5290
881,,,Fruitport Township,2,0,0,0,0,0,0,1,0,1,14168
882,,,Garden City,2,0,0,0,0,0,1,0,0,1,26520
883,,,Gladstone,1,0,0,0,0,0,0,0,1,0,4721
884,,,Gladwin,1,0,0,0,0,0,0,0,1,0,2874
885,,,Grand Blanc Township,1,0,0,0,0,0,0,1,0,0,36489
886,,,Grand Rapids,5,0,1,0,0,0,1,1,0,4,200428
887,,,Grandville,1,0,0,0,0,0,0,0,0,1,16057
888,,,Grant,1,0,0,0,0,0,0,0,1,0,882
889,,,Grosse Ile Township,0,0,1,0,0,0,0,0,1,0,10128
890,,,Hamburg Township,1,0,0,0,0,0,0,1,0,0,22024
891,,,Hampton Township,1,0,0,0,0,0,0,1,0,0,9458
892,,,Hamtramck,0,1,0,0,0,0,0,0,0,1,21668
893,,,Harbor Beach,0,0,1,0,0,0,0,0,1,0,1591
894,,,Harper Woods,1,0,0,0,0,0,0,0,0,1,13674
895,,,Highland Park,5,1,1,0,3,0,1,4,0,5,10794
896,,,Holland,1,2,0,0,0,0,1,1,1,0,26322
897,,,Huntington Woods,2,0,0,0,0,0,0,0,1,1,6328
898,,,Inkster,1,0,1,0,0,0,0,1,0,1,24334
899,,,Kalamazoo,1,0,1,0,0,0,1,0,0,1,76020
900,,,Kentwood,1,0,0,0,0,0,0,0,0,1,52192
901,,,Kingsford,0,0,0,1,0,0,1,0,0,0,4960
902,,,Lansing,2,0,0,0,0,0,1,0,0,1,112534
903,,,Lansing Township,1,0,0,0,0,0,0,0,1,0,8213
904,,,Litchfield,1,0,0,0,0,0,0,0,1,0,1336
905,,,Livonia,0,0,1,0,0,0,0,1,0,0,93740
906,,,Lowell,1,0,0,0,0,0,0,1,0,0,4138
907,,,Ludington,1,0,0,0,0,0,0,1,0,0,8058
908,,,Mackinac Island,1,0,0,0,0,0,0,1,0,0,467
909,,,Madison Heights,1,0,0,0,0,0,0,0,1,0,30100
910,,,Marquette,1,0,0,0,0,0,0,0,1,0,20529
911,,,Marshall,0,0,1,0,0,0,0,0,0,1,6986
912,,,Melvindale,1,0,0,0,0,0,0,1,0,0,10291
913,,,Menominee,0,0,0,1,0,0,0,0,0,1,8089
914,,,Meridian Township,2,0,1,0,0,0,0,1,1,1,43072
915,,,Metro Police Authority of Genesee County,1,0,0,0,0,0,1,0,0,0,19887
916,,,Midland,2,2,0,0,0,0,2,0,1,1,41798
917,,,Milan,0,1,0,0,0,0,0,0,0,1,4018
918,,,Monroe,1,0,0,0,0,0,0,1,0,0,19754
919,,,Muskegon Township,1,0,0,0,0,0,0,0,0,1,17879
920,,,Northfield Township,1,0,0,0,0,0,0,1,0,0,8741
921,,,Northville Township,0,1,0,0,0,0,1,0,0,0,28939
922,,,Norton Shores,1,0,0,0,0,0,0,0,0,1,24578
923,,,Oak Park,0,0,1,0,0,0,1,0,0,0,29688
924,,,Ontwa Township-Edwardsburg,1,0,0,0,0,0,0,1,0,0,6493
925,,,Orchard Lake,1,0,0,0,0,0,0,0,0,1,2465
926,,,Orion Township,1,0,0,0,0,0,0,0,0,1,36193
927,,,Owosso,0,0,1,0,0,0,0,0,0,1,14455
928,,,Pinckney,0,0,0,1,0,0,0,0,1,0,2479
929,,,Pontiac,1,0,0,0,0,0,0,0,0,1,59817
930,,,Port Huron,1,0,0,0,0,0,0,0,1,0,28907
931,,,Redford Township,2,0,1,0,0,0,0,0,2,1,46899
932,,,Richmond,0,0,0,1,0,0,0,0,1,0,5916
933,,,Romulus,5,0,0,0,0,0,0,1,3,1,23389
934,,,Roseville,4,1,1,0,0,0,0,2,2,2,47524
935,,,Royal Oak,1,1,0,0,0,0,1,0,1,0,59383
936,,,Saginaw,1,0,1,0,0,0,0,2,0,0,48302
937,,,Saginaw Township,1,0,0,0,0,0,0,1,0,0,39198
938,,,Sault Ste. Marie,1,0,0,0,0,0,0,1,0,0,13557
939,,,Shelby,0,0,0,1,0,0,0,0,0,1,2019
940,,,Shelby Township,2,0,0,0,0,0,2,0,0,0,79878
941,,,Southfield,2,0,1,0,0,0,0,0,2,1,73418
942,,,Southgate,2,0,1,0,0,0,3,0,0,0,28959
943,,,South Haven,2,0,0,0,0,0,1,0,0,1,4337
944,,,St. Clair Shores,5,0,0,0,0,0,2,0,2,1,59618
945,,,St. Joseph,1,0,0,0,0,0,0,1,0,0,8364
946,,,Sturgis,1,0,0,0,0,0,0,1,0,0,10796
947,,,Tawas,1,0,1,0,0,0,2,0,0,0,4487
948,,,Tecumseh,1,0,0,0,0,0,0,0,0,1,8363
949,,,Thomas Township,1,0,0,0,0,0,0,1,0,0,11488
950,,,Traverse City,2,0,1,0,0,0,0,2,1,0,15441
951,,,Trenton,1,0,0,0,0,0,1,0,0,0,18176
952,,,Troy,5,0,0,0,0,0,3,1,0,1,84221
953,,,Unadilla Township,0,0,1,0,0,0,0,1,0,0,3465
954,,,Walker,1,0,1,0,0,0,0,0,0,2,25010
955,,,Warren,9,2,0,0,0,0,1,2,7,1,135160
956,,,Waterford Township,2,0,2,0,0,0,0,1,0,3,73066
957,,,Wayland,0,0,1,0,0,0,0,0,1,0,4260
958,,,Wayne,1,0,0,0,0,0,1,0,0,0,16862
959,,,West Bloomfield Township,2,1,0,0,0,0,0,1,1,1,65928
960,,,Williamston,1,0,0,0,0,0,0,0,0,1,3924
961,,,Wyandotte,0,1,0,0,0,0,0,0,1,0,24862
962,,,Wyoming,5,2,0,1,0,0,1,2,2,3,76498
963,,,Ypsilanti,3,0,0,0,0,0,1,0,2,0,21298
964,,Universities and Colleges,,9,3,4,0,1,0,,,,,
965,,,Eastern Michigan University,1,1,0,0,0,0,0,0,1,1,24545
966,,,Ferris State University,0,0,1,0,0,0,0,1,0,0,16828
967,,,Michigan State University,1,0,1,0,1,0,1,0,1,1,55545
968,,,Mott Community College,0,0,1,0,0,0,0,1,0,0,10769
969,,,Oakland Community College,1,0,0,0,0,0,0,1,0,0,29644
970,,,Saginaw Valley State University,1,0,0,0,0,0,1,0,0,0,10320
971,,,University of Michigan:  ,,,,,,,,,,,
972,,,Ann Arbor ,4,1,0,0,0,0,0,1,2,2,46316
973,,,Dearborn,0,1,0,0,0,0,0,1,0,0,10714
974,,,Flint,1,0,1,0,0,0,2,0,0,0,9455
975,,Metropolitan Counties,,28,5,4,3,1,0,,,,,
976,,,Bay,1,0,0,0,0,0,0,1,0,0,
977,,,Calhoun,1,0,0,2,0,0,2,1,0,0,
978,,,Eaton,1,0,0,1,0,0,0,0,2,0,
979,,,Genesee,4,1,0,0,1,0,0,5,0,1,
980,,,Ingham,1,0,0,0,0,0,0,0,0,1,
981,,,Ionia,6,0,0,0,0,0,0,1,3,2,
982,,,Kent,3,0,3,0,0,0,0,1,4,1,
983,,,Lapeer,0,1,0,0,0,0,0,1,0,0,
984,,,Livingston,1,0,0,0,0,0,0,1,0,0,
985,,,Monroe,3,0,0,0,0,0,2,0,1,0,
986,,,Muskegon,1,0,0,0,0,0,1,0,0,0,
987,,,Ottawa,5,2,0,0,0,0,6,0,1,0,
988,,,Saginaw,0,0,1,0,0,0,0,1,0,0,
989,,,Washtenaw,1,1,0,0,0,0,1,1,0,0,
990,,Nonmetropolitan Counties,,11,4,4,1,2,0,,,,,
991,,,Allegan,0,0,1,0,0,0,0,1,0,0,
992,,,Alpena,0,0,0,0,1,0,0,0,0,1,
993,,,Barry,3,0,0,0,0,0,1,0,2,0,
994,,,Charlevoix,0,0,1,0,0,0,0,1,0,0,
995,,,Chippewa,1,0,0,1,0,0,1,1,0,0,
996,,,Delta,0,0,0,0,1,0,1,0,0,0,
997,,,Gladwin,0,0,1,0,0,0,0,0,1,0,
998,,,Isabella,2,0,0,0,0,0,0,1,0,1,
999,,,Luce,1,0,0,0,0,0,0,1,0,0,
1000,,,Newaygo,0,1,0,0,0,0,0,0,1,0,
1001,,,Oceana,1,0,0,0,0,0,1,0,0,0,
1002,,,Osceola,0,0,1,0,0,0,1,0,0,0,
1003,,,St. Joseph,1,0,0,0,0,0,0,1,0,0,
1004,,,Tuscola,1,0,0,0,0,0,0,0,0,1,
1005,,,Van Buren,1,3,0,0,0,0,2,0,1,1,
1006,,State Police Agencies,,50,5,3,1,0,0,,,,,
1007,,,State Police:,,,,,,,,,,,
1008,,,Alger County,0,1,0,0,0,0,1,0,0,0,
1009,,,Allegan County,1,0,0,0,0,0,0,1,0,0,
1010,,,Alpena County,1,1,0,0,0,0,0,1,0,1,
1011,,,Arenac County,1,0,0,0,0,0,0,0,1,0,
1012,,,Barry County,1,0,0,0,0,0,0,1,0,0,
1013,,,Berrien County,3,0,0,0,0,0,0,0,3,0,
1014,,,Calhoun County,4,0,0,0,0,0,1,1,1,1,
1015,,,Chippewa County,3,0,1,0,0,0,2,0,1,1,
1016,,,Delta County,1,0,0,0,0,0,0,0,0,1,
1017,,,Eaton County,1,0,0,0,0,0,0,0,1,0,
1018,,,Genesee County,1,0,0,0,0,0,1,0,0,0,
1019,,,Hillsdale County,1,0,0,0,0,0,1,0,0,0,
1020,,,Ionia County,1,0,0,0,0,0,1,0,0,0,
1021,,,Iosco County,1,0,0,0,0,0,0,1,0,0,
1022,,,Isabella County,1,0,0,0,0,0,0,1,0,0,
1023,,,Jackson County,2,1,1,0,0,0,1,1,1,1,
1024,,,Kalamazoo County,2,0,0,0,0,0,0,2,0,0,
1025,,,Livingston County,2,0,0,0,0,0,2,0,0,0,
1026,,,Macomb County,1,0,0,0,0,0,0,0,1,0,
1027,,,Mecosta County,1,0,0,0,0,0,0,0,1,0,
1028,,,Montcalm County,4,2,0,0,0,0,2,1,1,2,
1029,,,Muskegon County,1,0,0,1,0,0,1,1,0,0,
1030,,,Oakland County,0,0,1,0,0,0,0,0,1,0,
1031,,,Saginaw County,2,0,0,0,0,0,0,0,1,1,
1032,,,Schoolcraft County,2,0,0,0,0,0,0,2,0,0,
1033,,,Shiawassee County,3,0,0,0,0,0,0,2,1,0,
1034,,,St. Clair County,1,0,0,0,0,0,0,0,0,1,
1035,,,St. Joseph County,1,0,0,0,0,0,0,0,1,0,
1036,,,Van Buren County,1,0,0,0,0,0,1,0,0,0,
1037,,,Washtenaw County,2,0,0,0,0,0,1,1,0,0,
1038,,,Wayne County,3,0,0,0,0,0,2,0,0,1,
1039,,,Wexford County,1,0,0,0,0,0,0,1,0,0,
1040,,Tribal Agencies,,1,0,0,0,0,0,,,,,
1041,,,Little River Band of Ottawa Indians,1,0,0,0,0,0,0,0,0,1,
1042,,Other Agencies,,1,0,0,0,0,0,,,,,
1043,,,Gerald R. Ford International Airport,1,0,0,0,0,0,0,0,1,0,
1044,Minnesota,Total,,72,26,25,3,0,0,,,,,
1045,,Cities,,62,24,23,2,0,0,,,,,
1046,,,Blaine,1,0,0,0,0,0,0,0,1,0,65649
1047,,,Brooklyn Park,2,1,1,0,0,0,1,2,1,0,81263
1048,,,Columbia Heights,1,0,0,0,0,0,0,0,1,0,21119
1049,,,Coon Rapids,2,0,1,0,0,0,1,1,0,1,62818
1050,,,Detroit Lakes,0,1,0,1,0,0,0,1,1,0,9289
1051,,,Eden Prairie,0,1,0,0,0,0,0,0,0,1,64917
1052,,,Fairmont,1,0,0,0,0,0,0,0,1,0,10053
1053,,,Fergus Falls,1,0,0,0,0,0,1,0,0,0,13839
1054,,,Inver Grove Heights,1,0,0,0,0,0,0,0,0,1,35592
1055,,,Janesville,1,0,0,0,0,0,0,0,0,1,2259
1056,,,Lakeville,4,1,1,0,0,0,1,0,3,2,64914
1057,,,Mankato,7,1,0,0,0,0,1,0,4,3,42606
1058,,,Maple Grove,1,0,0,0,0,0,1,0,0,0,72502
1059,,,Maplewood,2,2,1,0,0,0,0,1,4,0,41339
1060,,,Mendota Heights,0,1,0,0,0,0,0,0,0,1,11381
1061,,,Minneapolis,8,1,14,0,0,0,4,7,7,5,428261
1062,,,Minnetonka,0,1,0,0,0,0,0,1,0,0,53573
1063,,,Moorhead,2,0,1,0,0,0,2,0,0,1,43657
1064,,,Mounds View,1,0,0,0,0,0,0,0,1,0,13235
1065,,,New Brighton,2,0,0,0,0,0,0,0,2,0,22978
1066,,,North Branch,1,0,0,0,0,0,0,0,1,0,10511
1067,,,Northfield,1,0,0,0,0,0,0,0,1,0,19327
1068,,,Prior Lake,2,0,0,0,0,0,0,0,0,2,26925
1069,,,Red Wing,2,0,0,0,0,0,1,0,0,1,16405
1070,,,Rochester,2,3,0,0,0,0,3,2,0,0,117037
1071,,,St. Cloud,5,3,1,0,0,0,1,2,3,3,54591
1072,,,St. Louis Park,4,1,0,0,0,0,2,1,0,1,49595
1073,,,St. Paul,6,7,2,0,0,0,5,1,0,9,309756
1074,,,St. Peter,0,0,1,0,0,0,0,1,0,0,12012
1075,,,West St. Paul,1,0,0,0,0,0,1,0,0,0,19798
1076,,,Winnebago,0,0,0,1,0,0,0,0,1,0,1339
1077,,,Woodbury,1,0,0,0,0,0,1,0,0,0,70900
1078,,Universities and Colleges,,3,0,0,0,0,0,,,,,
1079,,,"University of Minnesota, Twin Cities",3,0,0,0,0,0,0,0,3,0,64860
1080,,Metropolitan Counties,,5,1,2,1,0,0,,,,,
1081,,,Carver,1,0,1,0,0,0,1,1,0,0,
1082,,,Ramsey,4,1,0,1,0,0,0,0,5,1,
1083,,,Sherburne,0,0,1,0,0,0,0,0,0,1,
1084,,Nonmetropolitan Counties,,0,1,0,0,0,0,,,,,
1085,,,Waseca,0,1,0,0,0,0,0,1,0,0,
1086,,Tribal Agencies,,2,0,0,0,0,0,,,,,
1087,,,White Earth Tribal,2,0,0,0,0,0,0,0,2,0,
1088,Mississippi,Total,,2,1,2,0,0,0,,,,,
1089,,Cities,,2,1,1,0,0,0,,,,,
1090,,,Brandon,2,0,0,0,0,0,0,1,0,1,24283
1091,,,Clinton,0,0,1,0,0,0,0,0,0,1,25137
1092,,,Holly Springs,0,1,0,0,0,0,,,1,,7614
1093,,Metropolitan Counties,,0,0,1,0,0,0,,,,,
1094,,,DeSoto,0,0,1,0,0,0,1,0,0,0,
1095,Missouri,Total,,50,3,8,2,0,1,,,,,
1096,,Cities,,44,2,6,2,0,1,,,,,
1097,,,Belton,2,0,0,0,0,0,0,0,1,1,23526
1098,,,Blue Springs,4,0,0,0,0,0,1,1,1,1,55277
1099,,,Duquesne,0,0,0,1,0,0,0,0,1,0,1736
1100,,,Fulton,1,0,0,0,0,0,0,1,0,0,12856
1101,,,Gladstone,0,1,0,0,0,0,0,0,0,1,27382
1102,,,Grain Valley,1,0,0,0,0,0,0,0,1,0,14165
1103,,,Independence,1,0,2,0,0,0,0,3,0,0,117368
1104,,,Jefferson City,1,0,0,0,0,0,0,0,1,0,42834
1105,,,Kansas City,29,0,3,0,0,1,9,10,7,7,317135
1106,,,Lexington,1,0,0,0,0,0,0,0,0,1,4531
1107,,,Lilbourn,0,0,0,1,0,0,0,0,1,0,1082
1108,,,Macon,1,0,0,0,0,0,1,0,0,0,5368
1109,,,Smithville,1,0,0,0,0,0,1,0,0,0,10012
1110,,,St. Louis,1,0,1,0,0,0,0,0,1,1,306875
1111,,,Wentzville,0,1,0,0,0,0,0,1,0,0,41057
1112,,,West Plains,1,0,0,0,0,0,0,1,0,0,12277
1113,,Metropolitan Counties,,3,0,0,0,0,0,,,,,
1114,,,St. Louis County Police Department,3,0,0,0,0,0,,0,1,2,
1115,,Nonmetropolitan Counties,,3,1,2,0,0,0,,,,,
1116,,,Dade,2,0,0,0,0,0,0,1,1,0,
1117,,,Henry,1,0,0,0,0,0,0,0,0,4,
1118,,,Laclede,0,0,1,0,0,0,0,0,0,1,
1119,,,Ste. Genevieve,0,1,0,0,0,0,0,1,0,0,
1120,,,Wayne,0,0,1,0,0,0,0,0,1,0,
1121,Montana,Total,,1,0,6,0,0,0,,,,,
1122,,Cities,,0,0,5,0,0,0,,,,,
1123,,,Billings,0,0,1,0,0,0,1,0,0,0,110397
1124,,,Bozeman,0,0,1,0,0,0,0,0,0,1,48101
1125,,,Missoula,0,0,3,0,0,0,0,0,3,0,74300
1126,,Universities and Colleges,,1,0,0,0,0,0,,,,,
1127,,,University of Montana,1,0,0,0,0,0,0,1,0,0,14683
1128,,Metropolitan Counties,,0,0,1,0,0,0,,,,,
1129,,,Yellowstone,0,0,1,0,0,0,0,0,0,1,
1130,Nebraska,Total,,22,2,5,4,0,1,,,,,
1131,,Cities,,15,2,4,3,0,1,,,,,
1132,,,Bellevue,0,0,0,1,0,0,0,0,1,0,53683
1133,,,Grand Island,0,0,2,0,0,0,0,2,0,0,51768
1134,,,La Vista,0,0,0,2,0,0,2,0,0,0,17177
1135,,,Lincoln,10,0,1,0,0,1,4,6,1,1,288589
1136,,,North Platte,0,0,1,0,0,0,0,0,1,0,23774
1137,,,Ogallala,1,0,0,0,0,0,1,0,0,0,4512
1138,,,Omaha,3,2,0,0,0,0,1,1,3,0,469351
1139,,,Valley,1,0,0,0,0,0,,0,0,1,2334
1140,,Metropolitan Counties,,5,0,1,1,0,0,,,,,
1141,,,Cass,0,0,1,0,0,0,0,0,1,0,
1142,,,Douglas,1,0,0,1,0,0,0,2,0,0,
1143,,,Howard,2,0,0,0,0,0,0,0,1,1,
1144,,,Merrick,2,0,0,0,0,0,2,0,0,0,
1145,,Nonmetropolitan Counties,,2,0,0,0,0,0,,,,,
1146,,,Perkins,1,0,0,0,0,0,0,0,0,1,
1147,,,Thurston,1,0,0,0,0,0,0,1,0,0,
1148,Nevada,Total,,15,11,8,0,0,0,,,,,
1149,,Cities,,13,7,7,0,0,0,,,,,
1150,,,Boulder City,0,0,1,0,0,0,1,0,0,0,16112
1151,,,Henderson,3,2,0,0,0,0,1,1,3,0,309586
1152,,,Las Vegas Metropolitan Police Department,7,4,5,0,0,0,5,2,5,4,1644390
1153,,,North Las Vegas,3,0,0,0,0,0,0,1,2,0,246951
1154,,,Reno,0,1,1,0,0,0,0,0,1,1,252341
1155,,Universities and Colleges,,1,4,1,0,0,0,,,,,
1156,,,"University of Nevada, Las Vegas3",1,4,1,0,0,0,1,0,1,3,34647
1157,,Nonmetropolitan Counties,,1,0,0,0,0,0,,,,,
1158,,,Clark County School District,1,0,0,0,0,0,1,0,,,
1159,New Hampshire,Total,,7,2,3,1,0,0,,,,,
1160,,Cities,,6,1,2,1,0,0,,,,,
1161,,,Bedford,0,1,0,0,0,0,0,1,0,0,22640
1162,,,Carroll,0,0,1,0,0,0,0,0,0,1,730
1163,,,Goffstown,1,0,0,0,0,0,0,0,0,1,17978
1164,,,Hinsdale,1,0,0,0,0,0,0,0,1,0,3855
1165,,,Lincoln,0,0,1,0,0,0,0,1,0,0,1772
1166,,,Manchester,2,0,0,0,0,0,1,0,1,0,111422
1167,,,Northumberland,1,0,0,0,0,0,0,0,0,1,2112
1168,,,Pelham,1,0,0,0,0,0,0,0,1,0,13795
1169,,,Seabrook,0,0,0,1,0,0,0,0,0,1,8941
1170,,Universities and Colleges,,0,1,1,0,0,0,,,,,
1171,,,University of New Hampshire,0,1,1,0,0,0,0,1,1,0,16599
1172,,Nonmetropolitan Counties,,1,0,0,0,0,0,,,,,
1173,,,Grafton,1,0,0,0,0,0,0,0,0,1,
1174,New Jersey,Total,,308,198,53,4,1,7,,,,,
1175,,Cities,,277,183,46,4,1,7,,,,,
1176,,,Aberdeen Township,2,0,1,0,0,2,1,2,0,2,18378
1177,,,Barnegat Township,0,0,0,1,0,0,0,0,1,0,22777
1178,,,Berkeley Heights Township,1,0,0,0,0,0,0,0,0,1,13646
1179,,,Berlin,1,0,0,0,0,0,0,0,0,1,7495
1180,,,Beverly,1,0,0,0,0,0,0,0,0,1,2497
1181,,,Bloomingdale,1,0,0,0,0,0,0,1,0,0,8211
1182,,,Boonton,3,2,0,0,0,0,0,2,2,1,8236
1183,,,Bordentown Township,1,0,0,0,0,0,0,1,0,0,12323
1184,,,Brick Township,0,1,0,0,0,0,0,0,1,0,74712
1185,,,Bridgeton,4,1,4,0,0,0,5,0,1,3,24386
1186,,,Bridgewater Township,1,0,1,0,0,0,2,0,0,0,45050
1187,,,Brooklawn,1,0,0,0,0,0,0,0,0,1,1904
1188,,,Burlington City,1,0,0,0,0,0,1,0,0,0,9817
1189,,,Camden County Police Department,0,1,0,0,0,0,1,0,0,0,73140
1190,,,Carteret,0,1,0,0,0,0,0,1,0,0,23921
1191,,,Cedar Grove Township,0,1,0,0,0,0,0,1,0,0,12566
1192,,,Chatham,1,0,0,0,0,0,1,0,0,0,8793
1193,,,Cherry Hill Township,2,2,2,0,0,0,4,0,2,0,70578
1194,,,Cinnaminson Township,1,0,0,0,0,0,0,1,0,0,16630
1195,,,Clifton,2,2,0,0,0,0,2,1,1,0,85732
1196,,,Closter,1,1,0,1,0,0,0,0,1,2,8691
1197,,,Colts Neck Township,0,1,0,0,0,0,0,0,0,1,9944
1198,,,Cranbury Township,1,0,0,0,0,0,0,0,1,0,3900
1199,,,Deal,1,0,0,0,0,0,1,0,0,0,730
1200,,,Delanco Township,2,0,0,0,0,0,2,0,0,0,4509
1201,,,Denville Township,1,0,0,0,0,0,0,1,0,0,16737
1202,,,Dover,2,0,0,0,0,0,0,0,1,1,17982
1203,,,Dumont,1,1,0,0,0,0,0,0,0,2,17825
1204,,,East Brunswick Township3,7,5,3,0,0,0,3,4,3,4,48342
1205,,,East Hanover Township,1,0,0,0,0,0,0,0,1,0,11084
1206,,,East Orange,0,1,0,0,0,0,0,0,0,1,64625
1207,,,East Rutherford,0,1,0,0,0,0,0,0,1,0,9941
1208,,,Edison Township,0,4,0,0,0,0,2,0,0,2,101309
1209,,,Egg Harbor Township,2,0,0,0,0,0,1,1,0,0,43276
1210,,,Elizabeth,1,0,0,0,0,0,0,0,1,0,129080
1211,,,Emerson,1,0,0,0,0,0,0,1,0,0,7679
1212,,,Englewood,6,1,0,0,0,0,1,3,1,2,28988
1213,,,Evesham Township3,12,10,1,0,0,0,7,8,5,2,45354
1214,,,Fair Lawn,0,2,0,0,0,0,1,0,1,0,33413
1215,,,Fort Lee,3,2,0,0,0,0,1,2,1,1,37729
1216,,,Franklin Lakes,0,5,0,0,0,0,2,1,1,1,11191
1217,,,"Franklin Township, Somerset County",1,0,0,0,0,0,0,0,1,0,66624
1218,,,Freehold Borough,0,1,0,0,0,0,0,0,0,1,11873
1219,,,Freehold Township,1,2,1,0,0,0,0,2,2,0,34896
1220,,,Galloway Township,2,0,0,0,0,0,0,0,1,1,36467
1221,,,Glen Ridge,1,0,0,0,0,0,0,0,1,0,7622
1222,,,Gloucester City,1,0,0,0,0,0,0,0,0,1,11167
1223,,,Hackensack,3,1,0,0,0,0,1,2,0,1,44926
1224,,,Haddonfield,1,1,0,0,0,0,1,1,0,0,11253
1225,,,"Hamilton Township, Atlantic County",1,0,0,0,0,0,0,0,0,1,87889
1226,,,"Hamilton Township, Mercer County3",2,1,0,0,0,0,0,1,0,1,26380
1227,,,Hanover Township,1,2,0,0,0,0,1,2,0,0,14583
1228,,,Hardyston Township,1,0,0,0,0,0,0,1,0,0,7823
1229,,,Harrison Township,1,0,0,0,0,0,1,0,0,0,12915
1230,,,Haworth,0,2,0,0,0,0,0,0,0,2,3463
1231,,,Highland Park,0,1,0,0,0,0,1,0,0,0,13989
1232,,,Highlands,1,0,0,0,0,0,1,0,0,0,4794
1233,,,Hightstown,2,0,0,0,0,0,0,0,1,1,5289
1234,,,Hillsborough Township,0,0,1,0,0,0,1,0,0,0,39796
1235,,,Hillsdale,2,7,0,0,0,0,1,0,1,7,10484
1236,,,Hoboken,3,1,3,0,0,0,2,4,1,0,55096
1237,,,Holmdel Township,1,1,0,0,0,0,0,0,0,2,16621
1238,,,Hopewell Township,4,0,0,0,0,0,0,0,0,4,18000
1239,,,Howell Township,11,2,1,0,0,0,2,8,1,3,52672
1240,,,Jackson Township,0,1,0,0,0,0,1,0,0,0,56706
1241,,,Jefferson Township,0,0,1,0,0,0,1,0,0,0,21071
1242,,,Jersey City,3,1,0,0,0,0,0,1,3,0,270175
1243,,,Keansburg,7,1,3,0,0,0,3,2,3,3,9766
1244,,,Lakewood Township,2,16,0,0,0,0,3,3,11,1,102915
1245,,,Lambertville,0,0,1,0,0,0,0,1,0,0,3811
1246,,,Leonia,0,1,0,0,0,0,0,0,0,1,9175
1247,,,Lincoln Park,1,0,0,0,0,0,0,0,1,0,10308
1248,,,Linden,2,0,0,0,0,0,0,0,0,2,42806
1249,,,Little Egg Harbor Township,1,0,0,0,0,0,0,0,0,1,21087
1250,,,Little Falls Township,2,0,0,0,0,0,1,1,0,0,14306
1251,,,Livingston Township,1,1,0,0,0,0,1,1,0,0,29820
1252,,,Lodi,0,0,2,0,0,0,0,1,1,0,24720
1253,,,Long Branch,1,0,0,0,0,0,0,1,0,0,30750
1254,,,Lower Township,1,0,0,0,0,0,0,0,1,0,21617
1255,,,Madison,12,1,0,0,0,0,1,0,1,11,15832
1256,,,Mahwah Township,1,0,0,0,0,0,0,0,0,1,26501
1257,,,Manalapan Township,4,5,1,0,0,0,3,3,2,2,40150
1258,,,"Mansfield Township, Burlington County",3,0,0,0,0,0,0,1,0,2,8577
1259,,,Maple Shade Township,3,0,0,0,0,0,3,0,0,0,18772
1260,,,Maplewood Township,1,0,0,0,0,0,0,1,0,0,24635
1261,,,Marlboro Township,3,3,0,0,0,0,0,0,4,2,40338
1262,,,Medford Township,4,3,0,0,0,0,2,1,1,3,23558
1263,,,Mendham,0,1,0,0,0,0,1,0,0,0,4905
1264,,,Merchantville,1,0,0,0,0,0,1,0,0,0,3712
1265,,,Metuchen,0,1,0,0,0,0,0,1,0,0,14262
1266,,,Middle Township,0,0,1,0,0,0,1,0,0,0,18358
1267,,,Middletown Township,1,2,1,0,0,0,0,3,0,1,65469
1268,,,Millburn Township,0,2,0,0,0,0,0,0,0,2,20250
1269,,,Millville,1,0,1,0,0,0,0,1,1,0,27837
1270,,,Monmouth Beach,0,1,0,0,0,0,0,1,0,0,3231
1271,,,"Monroe Township, Gloucester County",1,1,0,0,0,2,2,1,0,1,36498
1272,,,"Monroe Township, Middlesex County",1,3,0,0,0,0,0,1,2,1,45597
1273,,,Montclair,2,1,0,0,0,0,1,0,1,1,38893
1274,,,Montgomery Township,2,0,0,0,0,0,0,0,1,1,23515
1275,,,Montville Township,0,1,0,0,0,0,1,0,0,0,21396
1276,,,Moorestown Township,6,1,0,0,0,0,2,1,3,1,20510
1277,,,Morris Township,0,1,0,0,0,0,1,0,0,0,22183
1278,,,Mountainside,0,1,0,0,0,0,0,1,0,0,6925
1279,,,Mount Holly Township,1,0,0,0,0,0,0,1,0,0,9658
1280,,,Mount Laurel Township,1,1,0,0,0,0,0,0,1,1,41629
1281,,,Neptune Township,8,8,2,0,0,1,0,0,2,17,27825
1282,,,New Brunswick,0,0,1,0,0,0,0,0,0,1,56577
1283,,,New Milford,1,1,0,0,0,0,0,0,0,2,16701
1284,,,New Providence,2,1,0,1,0,0,1,1,0,2,13283
1285,,,Newton,1,0,1,0,0,0,1,1,0,0,7824
1286,,,North Arlington,0,1,0,0,0,0,0,0,0,1,15868
1287,,,North Bergen Township3,1,3,0,0,0,0,0,0,1,2,63166
1288,,,Northfield,1,0,0,0,0,0,1,0,0,0,8324
1289,,,North Haledon,1,0,1,0,0,0,1,1,0,0,8469
1290,,,"Ocean Township, Monmouth County",2,2,1,0,0,0,1,2,0,2,26947
1291,,,Old Bridge Township,3,1,0,0,0,0,2,1,0,1,66321
1292,,,Oradell,0,1,0,0,0,0,0,1,0,0,8243
1293,,,Paramus,1,1,0,0,0,0,0,0,0,2,26744
1294,,,Parsippany-Troy Hills Township,1,0,0,0,0,0,1,0,0,0,52447
1295,,,Paulsboro,1,0,0,0,0,0,0,0,0,1,5812
1296,,,Pemberton Township,1,0,0,0,0,0,1,0,0,0,27212
1297,,,Pennsauken Township,1,0,0,0,0,0,1,0,0,0,35420
1298,,,Piscataway Township,0,3,0,0,0,0,2,1,0,0,57342
1299,,,Pitman,3,0,0,0,0,0,0,0,0,3,8696
1300,,,Pleasantville,0,1,0,0,0,0,0,0,0,1,20799
1301,,,Point Pleasant Beach,1,0,0,0,0,0,0,0,1,0,4472
1302,,,Pompton Lakes,1,3,1,0,0,0,1,1,2,1,11062
1303,,,Princeton,0,0,1,0,0,0,1,0,0,0,31856
1304,,,Rahway,2,0,0,0,0,0,0,0,0,2,30113
1305,,,Randolph Township,2,2,0,0,0,0,1,3,0,0,25552
1306,,,Raritan Township,1,0,0,0,0,0,0,1,0,0,22092
1307,,,Ridgefield Park,1,0,0,0,0,0,0,0,0,1,13028
1308,,,Ridgewood,1,4,0,0,0,0,1,1,0,3,25429
1309,,,Riverside Township,1,0,0,0,0,0,0,0,0,1,7875
1310,,,River Vale Township,0,1,0,0,0,0,0,0,0,1,10157
1311,,,Rockaway Township,9,3,2,0,0,0,9,2,1,2,25328
1312,,,Roselle,2,0,0,0,0,0,0,1,1,0,21787
1313,,,Scotch Plains Township,0,1,0,0,0,0,0,0,0,1,24423
1314,,,Sea Girt,1,0,0,0,0,0,0,1,0,0,1766
1315,,,Secaucus,1,0,0,0,0,0,0,0,0,1,20482
1316,,,Shrewsbury,1,0,0,0,0,0,0,0,0,1,4170
1317,,,South Brunswick Township3,4,4,0,0,0,0,2,3,1,1,46340
1318,,,South Orange Village,2,1,0,0,0,0,0,1,2,0,16880
1319,,,South Plainfield,1,0,0,0,0,0,1,0,0,0,24238
1320,,,Sparta Township,2,0,0,0,0,0,1,0,0,1,18694
1321,,,Spotswood,1,0,1,0,0,0,1,1,0,0,8364
1322,,,Stanhope,0,1,0,0,0,0,0,0,0,1,3306
1323,,,Summit,1,4,0,0,0,0,1,0,0,4,22125
1324,,,Teaneck Township,0,1,0,0,0,2,0,1,1,1,40939
1325,,,Tenafly,0,1,0,0,0,0,0,1,0,0,14742
1326,,,Tinton Falls,2,0,0,0,1,0,1,0,2,0,17754
1327,,,Toms River Township,1,5,0,0,0,0,0,3,1,2,92191
1328,,,Totowa,1,0,0,0,0,0,1,0,0,0,10666
1329,,,Tuckerton,1,0,0,0,0,0,0,1,0,0,3336
1330,,,Union City,1,1,0,0,0,0,0,1,1,0,69950
1331,,,Verona,0,1,0,0,0,0,1,0,0,0,13437
1332,,,Vineland,2,0,0,0,0,0,0,0,2,0,60330
1333,,,Voorhees Township3,2,1,0,0,0,0,1,0,0,1,29071
1334,,,"Washington Township, Gloucester County",0,1,0,0,0,0,0,0,1,0,47024
1335,,,"Washington Township, Morris County",0,1,0,0,0,0,0,0,0,1,18484
1336,,,"Washington Township, Warren County",1,0,0,0,0,0,0,0,1,0,6434
1337,,,Wayne Township,2,2,0,0,0,0,0,0,1,3,54340
1338,,,Weehawken Township,1,0,0,0,0,0,1,0,0,0,15567
1339,,,Westampton Township,1,0,0,0,0,0,0,0,1,0,8752
1340,,,Westfield3,4,4,0,0,0,0,0,0,0,5,30011
1341,,,West New York,1,0,1,0,0,0,1,1,0,0,54095
1342,,,West Orange,3,1,0,0,0,0,1,2,0,1,48071
1343,,,West Windsor Township,3,0,0,0,0,0,0,2,1,0,28277
1344,,,Willingboro Township,0,0,1,0,0,0,0,1,0,0,32124
1345,,,Winslow Township,1,0,0,0,0,0,1,0,0,0,38382
1346,,,Woodbridge Township,1,0,1,0,0,0,0,1,0,1,100884
1347,,,Woodbury,12,0,3,1,0,0,3,4,4,5,9746
1348,,Universities and Colleges,,29,15,7,0,0,0,,,,,
1349,,,Monmouth University,1,0,1,0,0,0,0,0,0,2,7049
1350,,,Montclair State University,6,3,0,0,0,0,3,1,0,5,23989
1351,,,Princeton University,4,0,0,0,0,0,0,1,1,2,8483
1352,,,Rutgers University:,,,,,,,,,,,
1353,,,Newark,1,0,0,0,0,0,0,0,1,0,15098
1354,,,New Brunswick3,12,12,6,0,0,0,7,7,9,6,56027
1355,,,The College of New Jersey,5,0,0,0,0,0,1,0,0,4,8792
1356,,State Police Agencies,,1,0,0,0,0,0,,,,,
1357,,,"State Police, Atlantic County",1,0,0,0,0,0,0,1,0,0,
1358,,Other Agencies,,1,0,0,0,0,0,,,,,
1359,,,New Jersey Transit Police,1,0,0,0,0,0,1,0,0,0,
1360,New Mexico,Total, ,21,3,3,0,0,1,,,,,
1361,,Cities,,20,3,3,0,0,1,,,,,
1362,,,Albuquerque,19,3,3,0,0,1,8,8,9,1,560235
1363,,,Belen,1,0,0,0,0,0,1,0,0,0,7061
1364,,Metropolitan Counties,,1,0,0,0,0,0,,,,,
1365,,,Bernalillo,1,0,0,0,0,0,,1,,,
1366,New York,Total,,153,286,69,1,1,13,,,,,
1367,,Cities,,117,235,51,0,0,12,,,,,
1368,,,Albany,5,4,3,0,0,0,2,3,6,1,98322
1369,,,Amherst Town,5,0,0,0,0,0,1,1,3,0,121343
1370,,,Binghamton,1,1,0,0,0,0,1,0,0,1,44876
1371,,,Buffalo,5,0,0,0,0,1,0,1,3,2,258219
1372,,,Colonie Town,1,0,1,0,0,0,1,0,1,0,79842
1373,,,DeWitt Town,0,0,1,0,0,0,0,1,0,0,25268
1374,,,Endicott Village,1,0,1,0,0,0,0,0,1,1,12754
1375,,,Hamburg Town,1,0,0,0,0,0,0,0,0,1,46490
1376,,,Hastings-on-Hudson Village,0,6,0,0,0,0,2,0,0,4,8030
1377,,,Hempstead Village,1,0,0,0,0,0,0,0,0,1,56059
1378,,,Hoosick Falls Village,0,1,0,0,0,0,0,0,1,0,3386
1379,,,Kingston,0,1,0,0,0,0,1,0,0,0,23077
1380,,,Larchmont Village,0,1,0,0,0,0,1,0,0,0,6200
1381,,,Monroe Village,1,0,0,0,0,0,1,0,0,0,8665
1382,,,Mount Vernon,3,1,0,0,0,0,2,1,1,0,68889
1383,,,Newburgh,0,0,1,0,0,0,0,1,0,0,28282
1384,,,New York,84,216,41,0,0,10,62,80,89,120,8523171
1385,,,Niagara Falls,1,0,0,0,0,0,1,0,0,0,48225
1386,,,Pelham Village,0,1,0,0,0,0,0,0,0,1,7036
1387,,,Ramapo Town,0,1,0,0,0,0,0,1,0,0,95068
1388,,,Rochester,4,0,1,0,0,0,1,3,1,0,207701
1389,,,Rosendale Town,0,0,0,0,0,1,1,0,0,0,5889
1390,,,Saugerties Town,1,0,0,0,0,0,0,0,1,0,19136
1391,,,Southampton Town,0,1,0,0,0,0,0,0,0,1,51231
1392,,,Spring Valley Village,1,0,0,0,0,0,0,1,0,0,32909
1393,,,Tarrytown Village,0,0,1,0,0,0,0,1,0,0,11617
1394,,,Watervliet,0,0,1,0,0,0,0,0,1,0,10115
1395,,,Westhampton Beach Village,0,1,0,0,0,0,0,1,0,0,1819
1396,,,Yonkers,2,0,0,0,0,0,1,0,1,0,202827
1397,,Universities and Colleges,,6,4,0,0,0,0,,,,,
1398,,,State University of New York Police:  ,,,,,,,,,,,
1399,,,Alfred,1,0,0,0,0,0,1,0,0,0,4198
1400,,,Canton,1,0,0,0,0,0,0,0,0,1,5183
1401,,,Geneseo,1,0,0,0,0,0,1,0,0,0,5941
1402,,,Maritime,0,1,0,0,0,0,0,0,0,1,2007
1403,,,Purchase,0,1,0,0,0,0,0,0,0,1,4815
1404,,,Stony Brook,3,2,0,0,0,0,0,2,2,1,29798
1405,,Metropolitan Counties,,10,21,13,1,1,0,,,,,
1406,,,Dutchess,0,1,2,0,0,0,1,0,2,0,
1407,,,Nassau,5,14,0,0,0,0,3,5,3,8,
1408,,,Ontario,0,0,0,0,1,0,0,0,1,0,
1409,,,Oswego,0,0,1,0,0,0,1,0,0,0,
1410,,,Suffolk County Police Department,5,6,9,1,0,0,7,3,5,6,
1411,,,Westchester Public Safety,0,0,1,0,0,0,0,0,1,0,
1412,,State Police Agencies,,10,9,3,0,0,1,,,,,
1413,,,State Police:,,,,,,,,,,,
1414,,,Cayuga County,1,0,0,0,0,0,0,0,0,1,
1415,,,Clinton County ,1,0,1,0,0,0,0,2,0,0,
1416,,,Dutchess County ,0,0,1,0,0,0,0,0,1,0,
1417,,,Herkimer County,0,2,0,0,0,0,1,1,0,0,
1418,,,Onondaga County ,1,1,0,0,0,0,0,0,0,2,
1419,,,Oswego County ,0,0,1,0,0,0,0,1,0,0,
1420,,,Putnam County ,1,0,0,0,0,0,0,0,1,0,
1421,,,Rockland County,0,1,0,0,0,0,0,0,0,1,
1422,,,Saratoga County ,0,1,0,0,0,0,1,0,0,0,
1423,,,Schoharie County,2,0,0,0,0,0,0,1,1,0,
1424,,,Seneca County,1,0,0,0,0,0,0,1,0,0,
1425,,,Tompkins County ,0,2,0,0,0,0,2,0,0,0,
1426,,,Ulster County ,0,0,0,0,0,1,1,0,0,0,
1427,,,Wayne County ,3,0,0,0,0,0,0,0,3,0,
1428,,,Westchester County ,0,2,0,0,0,0,2,0,0,0,
1429,,Other Agencies,,10,17,2,0,0,0,,,,,
1430,,,"New York City Department of Environmental Protection Police, Eastview Precinct",0,1,1,0,0,0,0,0,0,2,
1431,,,New York City Metropolitan Transportation Authority,9,16,1,0,0,0,6,9,7,4,
1432,,,"State Park, Central Region",1,0,0,0,0,0,0,1,0,0,
1433,North Carolina,Total,,83,27,29,3,0,0,,,,,
1434,,Cities,,70,24,22,2,0,0,,,,,
1435,,,Apex,1,0,0,0,0,0,0,0,0,1,52577
1436,,,Asheville,2,1,0,0,0,0,1,1,1,0,93186
1437,,,Boone,1,0,2,0,0,0,0,0,1,2,19524
1438,,,Carolina Beach,3,0,0,0,0,0,0,1,0,2,6352
1439,,,Cary,0,5,0,0,0,0,0,0,0,5,168700
1440,,,Charlotte-Mecklenburg,13,6,4,1,0,0,6,6,5,6,931235
1441,,,Dunn,0,0,0,1,0,0,0,0,1,0,9793
1442,,,Durham,8,3,1,0,0,0,1,9,0,2,273726
1443,,,Fayetteville,3,0,0,0,0,0,1,1,1,0,210117
1444,,,Greensboro,8,0,3,0,0,0,2,1,4,4,293298
1445,,,Hendersonville,1,0,0,0,0,0,1,0,0,0,14081
1446,,,Hickory,0,1,0,0,0,0,0,0,0,1,40617
1447,,,Hope Mills,1,0,0,0,0,0,0,0,1,0,16219
1448,,,Huntersville,1,1,1,0,0,0,1,0,0,1,57677
1449,,,Jacksonville,1,0,1,0,0,0,1,0,1,0,71715
1450,,,Lexington,1,0,0,0,0,0,0,0,0,1,18754
1451,,,Mocksville,2,0,0,0,0,0,0,0,1,1,5303
1452,,,Mooresville,2,0,1,0,0,0,1,1,1,0,38340
1453,,,Morganton,1,0,1,0,0,0,0,1,1,0,16478
1454,,,New Bern,2,0,0,0,0,0,0,2,0,0,29600
1455,,,Newton,2,0,0,0,0,0,0,0,2,0,13121
1456,,,Pittsboro,3,0,0,0,0,0,1,1,1,0,4289
1457,,,Raleigh,3,4,3,0,0,0,2,1,3,4,472472
1458,,,Roanoke Rapids,4,0,1,0,0,0,1,3,1,0,14664
1459,,,Salisbury,2,0,1,0,0,0,1,0,1,1,33901
1460,,,Southern Shores,0,0,1,0,0,0,0,1,0,0,2907
1461,,,Statesville,0,0,1,0,0,0,0,0,1,0,26975
1462,,,Wilmington,5,3,1,0,0,0,1,4,0,4,120920
1463,,Universities and Colleges,,1,2,1,0,0,0,,,,,
1464,,,Duke University,1,1,0,0,0,0,0,0,1,1,16599
1465,,,East Carolina University,0,1,0,0,0,0,1,0,0,0,32388
1466,,,"University of North Carolina, Wilmington",0,0,1,0,0,0,0,1,0,0,18287
1467,,Metropolitan Counties,,11,1,5,1,0,0,,,,,
1468,,,Buncombe,1,0,0,0,0,0,0,1,0,0,
1469,,,Currituck,0,0,0,1,0,0,0,0,1,0,
1470,,,Forsyth,1,0,1,0,0,0,0,1,0,1,
1471,,,Franklin,2,0,0,0,0,0,0,1,1,0,
1472,,,Lincoln,2,0,0,0,0,0,0,1,1,0,
1473,,,New Hanover,2,0,0,0,0,0,1,1,0,0,
1474,,,Pitt,1,0,3,0,0,0,0,0,1,3,
1475,,,Wake,1,1,1,0,0,0,1,1,1,0,
1476,,,Wayne,1,0,0,0,0,0,0,0,0,1,
1477,,Nonmetropolitan Counties,,1,0,1,0,0,0,,,,,
1478,,,Greene,1,0,0,0,0,0,1,0,0,0,
1479,,,Martin,0,0,1,0,0,0,0,0,1,0,
1480,North Dakota,Total,,4,3,3,0,0,0,,,,,
1481,,Cities,,3,2,3,0,0,0,,,,,
1482,,,Bismarck,1,0,1,0,0,0,0,0,1,1,74644
1483,,,Devils Lake,0,0,1,0,0,0,0,0,1,0,7314
1484,,,Dickinson,1,0,0,0,0,0,0,0,1,0,22878
1485,,,Fargo,0,1,1,0,0,0,0,0,2,0,124906
1486,,,Grand Forks,0,1,0,0,0,0,0,0,0,1,57662
1487,,,Williston,1,0,0,0,0,0,0,1,0,0,27390
1488,,Universities and Colleges, ,1,0,0,0,0,0,,,,,
1489,,,University of North Dakota,1,0,0,0,0,0,1,0,0,0,18104
1490,,Metropolitan Counties, ,0,1,0,0,0,0,,,,,
1491,,,Morton,0,1,0,0,0,0,0,1,0,0,
1492,Ohio,Total,,218,40,54,32,2,4,,,,,
1493,,Cities,,187,29,48,31,1,4,,,,,
1494,,,Akron,5,0,2,1,0,0,0,2,5,1,197690
1495,,,Ashland,0,0,1,1,0,0,0,0,2,0,20446
1496,,,Austintown,0,0,1,0,0,0,0,0,1,0,35029
1497,,,Barberton,1,0,0,2,0,0,1,1,1,0,26060
1498,,,Bellefontaine,0,0,0,0,0,1,0,0,1,0,13137
1499,,,Boardman,1,0,0,0,0,0,1,0,0,0,39121
1500,,,Brunswick,1,0,0,0,0,0,0,1,0,0,34954
1501,,,Canton,2,0,0,0,0,0,0,0,2,0,70605
1502,,,Cincinnati,24,4,2,0,0,0,10,6,7,7,301952
1503,,,Circleville,0,1,0,0,0,0,0,0,1,0,13993
1504,,,Cleveland,25,4,3,4,1,1,7,5,11,15,384666
1505,,,Colerain Township,1,0,0,0,0,0,0,1,0,0,59312
1506,,,Columbus,42,6,19,4,0,0,11,23,22,15,873582
1507,,,Copley Township,1,0,0,1,0,0,1,0,1,,17307
1508,,,Dayton,2,1,0,0,0,0,0,1,2,0,140094
1509,,,Defiance,0,0,0,0,0,1,0,1,0,0,16620
1510,,,Delaware,0,1,0,0,0,0,1,0,0,0,39944
1511,,,Delhi Township,0,0,1,0,0,0,0,1,0,0,29700
1512,,,Elyria,0,0,1,0,0,0,1,0,,,53796
1513,,,Englewood,0,1,0,1,0,0,1,0,1,0,13474
1514,,,Fairborn,1,0,0,0,0,0,1,0,0,0,33604
1515,,,Findlay,1,0,0,0,0,0,0,0,1,0,41351
1516,,,Girard,2,0,0,0,0,0,0,2,0,0,9304
1517,,,Green Township,2,0,0,0,0,0,0,0,0,2,59132
1518,,,Grove City,1,0,0,0,0,0,0,0,0,1,41833
1519,,,Hamilton,4,0,0,1,0,0,1,3,1,0,62059
1520,,,Huber Heights,2,1,2,0,0,0,0,3,1,1,36964
1521,,,"Jackson Township, Stark County",1,1,0,0,0,0,0,1,0,1,40416
1522,,,Johnstown,1,0,0,0,0,0,0,0,1,0,5054
1523,,,Lancaster,1,0,1,0,0,0,0,1,1,0,40498
1524,,,Lebanon,0,0,0,1,0,0,0,0,0,1,20696
1525,,,Liberty Township,1,0,0,0,0,0,0,0,0,1,11456
1526,,,Lockland,1,0,0,0,0,0,0,0,0,1,3462
1527,,,"Madison Township, Franklin County",0,0,0,3,0,0,0,0,2,1,19241
1528,,,"Madison Township, Lake County",0,0,0,0,0,1,1,0,0,0,15626
1529,,,Mansfield,3,0,1,0,0,0,1,0,1,2,45941
1530,,,Marietta,1,0,0,0,0,0,0,0,1,0,13618
1531,,,Massillon,1,1,0,1,0,0,0,1,2,0,32361
1532,,,Maumee,0,0,1,0,0,0,0,0,1,0,13720
1533,,,Mayfield Heights,0,0,0,1,0,0,0,0,1,0,18648
1534,,,Medina,1,1,0,0,0,0,0,1,1,0,26128
1535,,,Mentor-on-the-Lake,2,0,0,0,0,0,0,1,0,1,7399
1536,,,"Miami Township, Clermont County",2,0,0,0,0,0,1,0,1,0,42493
1537,,,"Miami Township, Montgomery County",2,0,0,0,0,0,0,1,0,1,29065
1538,,,Middletown,4,0,0,1,0,0,,2,2,1,46084
1539,,,Monroe,0,0,0,2,0,0,2,0,0,0,16168
1540,,,Montgomery,1,0,0,0,0,0,0,0,0,1,10807
1541,,,Montville Township,1,0,0,0,0,0,0,1,0,0,11831
1542,,,Mount Healthy,0,0,1,0,0,0,1,0,0,0,6058
1543,,,Mount Orab,0,0,1,0,0,0,0,0,1,0,3485
1544,,,Napoleon,0,0,1,0,0,0,0,0,0,1,8236
1545,,,New Albany,1,0,0,0,0,0,0,0,0,1,10997
1546,,,Newton Falls,3,1,0,0,0,0,0,1,2,1,4516
1547,,,North Canton,1,0,1,0,0,0,0,0,2,0,17265
1548,,,North College Hill,1,0,0,0,0,0,0,0,1,0,9299
1549,,,Norton,1,0,0,0,0,0,0,1,0,0,11999
1550,,,Norwood,1,0,0,0,0,0,0,1,0,0,19976
1551,,,Oak Harbor,2,0,0,0,0,0,0,0,2,0,2716
1552,,,Ontario,0,0,0,1,0,0,0,0,0,1,6056
1553,,,Pickerington,1,0,0,0,0,0,0,1,0,0,20631
1554,,,Poland Township,1,0,0,0,0,0,0,0,1,0,11888
1555,,,Portsmouth,0,1,2,0,0,0,0,2,1,0,20473
1556,,,Reading,1,0,0,0,0,0,0,0,1,0,10991
1557,,,Reynoldsburg,1,0,0,0,0,0,0,0,1,0,28025
1558,,,Riverside,1,0,0,0,0,0,0,0,0,1,25083
1559,,,Ross Township,1,0,0,0,0,0,0,0,0,1,8879
1560,,,Shelby,1,0,0,0,0,0,0,1,0,0,8984
1561,,,Sidney,0,1,0,0,0,0,0,1,0,0,20537
1562,,,Solon,1,0,0,0,0,0,0,1,0,0,22948
1563,,,"Springfield Township, Summit County",1,0,0,0,0,0,0,0,0,1,14572
1564,,,Sylvania Township,1,0,0,0,0,0,0,0,1,0,29574
1565,,,Tipp City,0,1,0,0,0,0,0,1,0,0,9995
1566,,,Toledo,5,0,2,0,0,0,1,1,3,2,275023
1567,,,Trotwood,3,0,0,0,0,0,0,2,1,0,24380
1568,,,Upper Arlington,2,0,0,0,0,0,1,0,1,0,35572
1569,,,Urbana,2,1,0,1,0,0,1,3,0,0,11337
1570,,,Van Wert,2,1,0,0,0,0,0,1,2,0,10631
1571,,,Village of Leesburg,1,0,0,0,0,0,0,1,0,0,1301
1572,,,Wapakoneta,0,0,0,1,0,0,1,0,0,0,9771
1573,,,Washington Court House,1,0,0,0,0,0,0,0,0,1,14210
1574,,,Wauseon,0,1,0,0,0,0,0,0,1,0,7345
1575,,,Weathersfield,4,0,0,0,0,0,,,,4,7988
1576,,,Wilmington,3,0,0,0,0,0,0,1,1,1,12386
1577,,,Wooster,0,0,1,2,0,0,0,1,1,1,26688
1578,,,Youngstown,1,0,1,0,0,0,0,0,1,1,64271
1579,,,Zanesville,2,0,3,2,0,0,1,3,2,1,25371
1580,,Universities and Colleges,,5,4,1,0,1,0,,,,,
1581,,,Bowling Green State University,2,1,1,0,0,0,2,0,2,0,20395
1582,,,Notre Dame College,1,0,0,0,0,0,1,0,0,0,2296
1583,,,"Ohio State University, Columbus",2,3,0,0,1,0,0,1,1,4,64723
1584,,Metropolitan Counties,,12,3,3,1,0,0,,,,,
1585,,,Clark,1,0,0,0,0,0,0,1,0,0,
1586,,,Clermont,1,0,0,0,0,0,0,0,1,0,
1587,,,Cuyahoga,1,0,0,0,0,0,0,0,1,0,
1588,,,Fairfield,0,0,0,1,0,0,0,1,0,0,
1589,,,Greene,1,0,0,0,0,0,1,0,0,0,
1590,,,Hocking,0,0,1,0,0,0,1,0,0,0,
1591,,,Licking,0,1,0,0,0,0,1,,,,
1592,,,Lorain,1,0,0,0,0,0,0,1,0,0,
1593,,,Montgomery,1,0,2,0,0,0,1,2,0,0,
1594,,,Stark,3,0,0,0,0,0,1,0,0,2,
1595,,,Summit,2,0,0,0,0,0,0,0,1,1,
1596,,,Trumbull,1,0,0,0,0,0,0,1,0,0,
1597,,,Warren,0,2,0,0,0,0,1,0,1,0,
1598,,Nonmetropolitan Counties,,10,4,2,0,0,0,,,,,
1599,,,Hardin,0,1,0,0,0,0,1,0,0,0,
1600,,,Logan,1,0,0,0,0,0,0,0,0,1,
1601,,,Morgan,1,0,0,0,0,0,0,0,1,0,
1602,,,Pike,1,0,0,0,0,0,0,1,0,0,
1603,,,Preble,0,0,1,0,0,0,0,0,1,0,
1604,,,Ross,4,2,0,0,0,0,2,0,2,2,
1605,,,Van Wert,1,0,0,0,0,0,0,1,0,0,
1606,,,Vinton,2,0,0,0,0,0,0,1,0,1,
1607,,,Washington,0,0,1,0,0,0,0,0,0,1,
1608,,,Wayne,0,1,0,0,0,0,0,0,0,1,
1609,,State Police Agencies,,1,0,0,0,0,0,,,,,
1610,,,Ohio State Highway Patrol,1,0,0,0,0,0,0,0,0,1,
1611,,Other Agencies,,3,0,0,0,0,0,,,,,
1612,,,Cleveland Metropolitan Park District,1,0,0,0,0,0,0,0,0,1,
1613,,,Greater Cleveland Regional Transit Authority,1,0,0,0,0,0,0,0,1,0,
1614,,,Ohio Department of Natural Resources,1,0,0,0,0,0,0,0,1,0,
1615,Oklahoma,Total,,16,1,3,0,0,0,,,,,
1616,,Cities,,9,1,3,0,0,0,,,,,
1617,,,Cushing,0,1,0,0,0,0,0,0,0,1,7687
1618,,,Enid,2,0,0,0,0,0,0,0,2,0,50214
1619,,,Jay,1,0,0,0,0,0,0,1,0,0,2532
1620,,,Maud,0,0,1,0,0,0,1,0,0,0,706
1621,,,Muskogee,1,0,1,0,0,0,1,0,1,0,37659
1622,,,Norman,1,0,0,0,0,0,0,0,0,1,124577
1623,,,North Enid,0,0,1,0,0,0,0,0,1,0,928
1624,,,Oklahoma City,1,0,0,0,0,0,0,0,1,0,526630
1625,,,Owasso,1,0,0,0,0,0,0,0,0,1,34036
1626,,,Tulsa,1,0,0,0,0,0,0,0,1,0,397021
1627,,,Woodward,1,0,0,0,0,0,0,0,1,0,12323
1628,,Metropolitan Counties,,4,0,0,0,0,0,,,,,
1629,,,Logan,1,0,0,0,0,0,0,0,1,0,
1630,,,Okmulgee,1,0,0,0,0,0,1,0,0,0,
1631,,,Rogers,2,0,0,0,0,0,0,0,1,1,
1632,,Nonmetropolitan Counties,,3,0,0,0,0,0,,,,,
1633,,,Cherokee,1,0,0,0,0,0,0,0,0,1,
1634,,,Kingfisher,1,0,0,0,0,0,0,0,0,1,
1635,,,Okfuskee,1,0,0,0,0,0,0,1,0,0,
1636,Oregon,Total,,71,16,23,2,0,8,,,,,
1637,,Cities,,56,14,18,2,0,8,,,,,
1638,,,Albany,1,0,0,0,0,0,0,1,0,0,46472
1639,,,Ashland,0,0,1,0,0,0,0,0,0,1,21269
1640,,,Astoria,2,0,0,0,0,0,0,2,0,0,9918
1641,,,Baker City,2,0,0,0,0,0,1,0,1,0,9779
1642,,,Bend,1,0,0,0,0,0,0,1,0,0,97403
1643,,,Corvallis,1,0,0,0,0,0,1,0,0,0,58491
1644,,,Eugene,18,7,9,1,0,4,11,15,6,7,170771
1645,,,Grants Pass,1,0,0,0,0,0,0,0,0,1,37814
1646,,,Hermiston,1,0,0,0,0,0,1,0,0,0,17517
1647,,,Hillsboro,3,1,1,0,0,0,2,1,0,2,109121
1648,,,Klamath Falls,2,0,0,1,0,0,1,1,0,1,22242
1649,,,McMinnville,1,0,0,0,0,0,0,0,0,1,34669
1650,,,Medford,0,1,0,0,0,0,0,1,0,0,82800
1651,,,Milwaukie,2,0,0,0,0,1,0,0,3,0,20873
1652,,,Newberg-Dundee,1,0,0,0,0,0,1,0,0,0,27122
1653,,,North Bend,1,0,0,0,0,0,0,1,0,0,9705
1654,,,Oregon City3,3,1,0,0,0,0,0,0,3,0,36918
1655,,,Portland,8,0,4,0,0,3,2,3,8,2,654636
1656,,,Reedsport,1,0,0,0,0,0,0,0,0,1,4117
1657,,,Salem,3,0,2,0,0,0,2,2,1,0,144501
1658,,,Springfield,2,0,0,0,0,0,0,1,1,0,62786
1659,,,Tigard,1,1,1,0,0,0,1,0,1,1,53880
1660,,,West Linn,1,2,0,0,0,0,0,1,1,1,26934
1661,,,Woodburn,0,1,0,0,0,0,1,0,0,0,26031
1662,,Universities and Colleges,,1,1,0,0,0,0,,,,,
1663,,,Portland State University,1,1,0,0,0,0,0,0,1,1,36762
1664,,Metropolitan Counties,,13,1,4,0,0,0,,,,,
1665,,,Clackamas3,5,0,1,0,0,0,2,1,1,1,
1666,,,Jackson,1,0,0,0,0,0,0,0,0,1,
1667,,,Lane,0,0,1,0,0,0,0,0,0,1,
1668,,,Linn,2,0,0,0,0,0,0,1,1,0,
1669,,,Washington,5,0,2,0,0,0,0,3,2,2,
1670,,,Yamhill,0,1,0,0,0,0,1,0,0,0,
1671,,Nonmetropolitan Counties,,1,0,1,0,0,0,,,,,
1672,,,Morrow,1,0,0,0,0,0,0,1,0,0,
1673,,,Wasco,0,0,1,0,0,0,1,0,0,0,
1674,Pennsylvania,Total,,43,19,5,0,0,0,,,,,
1675,,Cities,,37,18,4,0,0,0,,,,,
1676,,,Bethlehem,1,0,0,0,0,0,1,0,0,0,55878
1677,,,Horsham Township,0,1,0,0,0,0,0,0,0,1,26615
1678,,,Northern York County Regional,1,0,0,0,0,0,0,1,0,0,69814
1679,,,Old Lycoming Township,0,0,1,0,0,0,0,0,1,0,4927
1680,,,Philadelphia,24,14,3,0,0,0,8,6,5,22,1586916
1681,,,Pittsburgh,7,2,0,0,0,0,0,2,3,4,302544
1682,,,State College,1,0,0,0,0,0,1,0,0,0,58781
1683,,,"Washington Township, Franklin County",2,1,0,0,0,0,0,2,0,1,14671
1684,,,Watsontown,1,0,0,0,0,0,1,0,0,0,2275
1685,,Universities and Colleges,,4,1,1,0,0,0,,,,,
1686,,,California University,0,0,1,0,0,0,0,0,1,0,9869
1687,,,Lehigh University,1,0,0,0,0,0,0,1,0,0,7586
1688,,,"Pennsylvania State University, University Park",2,1,0,0,0,0,0,1,1,0,50920
1689,,,"University of Pittsburgh, Pittsburgh",1,0,0,0,0,0,0,1,0,0,31947
1690,,State Police Agencies,,2,0,0,0,0,0,,,,,
1691,,,Snyder County,1,0,0,0,0,0,0,0,1,0,
1692,,,York County,1,0,0,0,0,0,1,0,0,0,
1693,Rhode Island,Total,,6,3,4,0,0,0,,,,,
1694,,Cities,,5,3,4,0,0,0,,,,,
1695,,,Coventry,1,0,0,0,0,0,1,0,0,0,34814
1696,,,Cumberland,1,0,0,0,0,0,0,1,0,0,35018
1697,,,Johnston,0,0,1,0,0,0,1,0,0,0,29317
1698,,,Newport,0,0,1,0,0,0,0,1,0,0,24863
1699,,,North Kingstown,0,1,0,0,0,0,0,0,0,1,26101
1700,,,Pawtucket,1,0,0,0,0,0,0,1,0,0,71892
1701,,,Providence,2,2,1,0,0,0,0,1,2,2,180169
1702,,,South Kingstown,0,0,1,0,0,0,0,1,0,0,30816
1703,,State Police Agencies,,1,0,0,0,0,0,,,,,
1704,,,"State Police, Hope Valley",1,0,0,0,0,0,0,1,0,0,
1705,South Carolina,Total,,67,28,8,2,0,6,,,,,
1706,,Cities,,40,7,6,2,0,0,,,,,
1707,,,Beaufort,1,0,0,0,0,0,0,1,0,0,13920
1708,,,Blacksburg,0,0,1,0,0,0,0,0,0,1,1899
1709,,,Bluffton,0,1,0,0,0,0,0,0,0,1,22578
1710,,,Calhoun Falls,5,0,0,1,0,0,0,1,2,3,1925
1711,,,Cayce,1,0,0,0,0,0,0,1,0,0,13481
1712,,,Chapin,1,0,0,0,0,0,0,0,1,0,1629
1713,,,Conway,0,1,1,0,0,0,0,1,1,0,24784
1714,,,Duncan,0,0,1,0,0,0,0,0,1,0,3480
1715,,,Easley,1,0,0,0,0,0,0,0,1,0,21144
1716,,,Elloree,4,0,0,0,0,0,0,1,0,3,652
1717,,,Estill,0,0,1,0,0,0,0,0,1,0,1807
1718,,,Forest Acres,1,0,0,0,0,0,0,1,0,0,10375
1719,,,Georgetown,1,1,0,0,0,0,0,0,1,1,8819
1720,,,Greenville,1,0,0,0,0,0,1,0,0,0,69608
1721,,,Greer,2,0,0,0,0,0,1,0,1,0,23691
1722,,,Hartsville,1,1,0,0,0,0,2,0,0,0,7608
1723,,,Holly Hill,1,0,0,0,0,0,0,1,0,0,1190
1724,,,Inman,1,0,0,0,0,0,0,0,0,1,2341
1725,,,Lane,0,0,0,1,0,0,1,0,,0,456
1726,,,Manning,1,0,0,0,0,0,0,0,1,0,3958
1727,,,Myrtle Beach,1,0,0,0,0,0,0,0,0,1,33687
1728,,,North Charleston,2,0,0,0,0,0,0,1,0,1,90159
1729,,,Pickens,1,0,0,0,0,0,0,0,0,1,3170
1730,,,Rock Hill,3,1,0,0,0,0,1,1,1,1,74049
1731,,,South Congaree,1,0,1,0,0,0,0,2,0,0,2466
1732,,,Springfield,2,0,0,0,0,0,0,0,0,2,488
1733,,,Summerville,1,2,0,0,0,0,0,0,1,2,45656
1734,,,Winnsboro,5,0,0,0,0,0,1,0,2,2,3197
1735,,,Yemassee,0,0,1,0,0,0,0,0,0,1,825
1736,,,York,2,0,0,0,0,0,0,1,1,0,8203
1737,,Universities and Colleges,,4,0,0,0,0,0,,,,,
1738,,,Benedict College,3,0,0,0,0,0,1,1,1,0,2552
1739,,,Medical University of South Carolina,1,0,0,0,0,0,0,0,0,1,3454
1740,,Metropolitan Counties,,16,6,1,0,0,1,,,,,
1741,,,Anderson,0,1,0,0,0,0,0,0,1,0,
1742,,,Beaufort,1,1,1,0,0,0,1,0,1,1,
1743,,,Calhoun,1,0,0,0,0,0,0,0,1,0,
1744,,,Charleston,4,0,0,0,0,0,1,0,1,2,
1745,,,Fairfield,0,0,0,0,0,1,0,0,0,1,
1746,,,Florence,3,0,0,0,0,0,2,0,0,1,
1747,,,Horry County Police Department,1,0,0,0,0,0,0,0,0,1,
1748,,,Kershaw,1,1,0,0,0,0,1,0,0,1,
1749,,,Laurens,2,0,0,0,0,0,0,1,1,0,
1750,,,Pickens,3,3,0,0,0,0,0,0,2,4,
1751,,Nonmetropolitan Counties,,6,15,1,0,0,5,,,,,
1752,,,Bamberg,0,7,0,0,0,0,1,3,3,0,
1753,,,Cherokee,0,1,0,0,0,0,1,0,0,0,
1754,,,Colleton,2,1,0,0,0,0,0,3,0,0,
1755,,,Dillon,1,0,0,0,0,0,0,0,1,0,
1756,,,Georgetown,0,0,1,0,0,1,0,1,0,1,
1757,,,Greenwood,1,2,0,0,0,4,2,2,1,2,
1758,,,Hampton,1,0,0,0,0,0,0,0,1,0,
1759,,,Marlboro,1,0,0,0,0,0,0,1,0,0,
1760,,,Oconee,0,4,0,0,0,0,0,2,0,2,
1761,,Other Agencies,,1,0,0,0,0,0,,,,,
1762,,,Lexington County Medical Center,1,0,0,0,0,0,0,0,0,1,
1763,South Dakota,Total,,17,0,3,0,0,0,,,,,
1764,,Cities,,13,0,2,0,0,0,,,,,
1765,,,Box Elder,1,0,0,0,0,0,1,0,0,0,6508
1766,,,Brookings,1,0,1,0,0,0,0,0,0,2,24206
1767,,,Flandreau,2,0,0,0,0,0,0,1,0,1,2332
1768,,,Huron,1,0,0,0,0,0,0,1,0,0,13193
1769,,,Rapid City,1,0,0,0,0,0,1,0,0,0,75290
1770,,,Sioux Falls,5,0,1,0,0,0,1,1,2,2,152374
1771,,,Vermillion,1,0,0,0,0,0,0,0,1,0,10804
1772,,,Watertown,1,0,0,0,0,0,0,0,0,1,22323
1773,,Metropolitan Counties,,2,0,0,0,0,0,,,,,
1774,,,Meade,1,0,0,0,0,0,0,0,1,0,
1775,,,Turner,1,0,0,0,0,0,0,0,1,0,
1776,,Nonmetropolitan Counties,,2,0,1,0,0,0,,,,,
1777,,,Brookings,1,0,0,0,0,0,0,1,0,0,
1778,,,Custer,0,0,1,0,0,0,0,1,0,0,
1779,,,Jones,1,0,0,0,0,0,0,0,0,1,
1780,Tennessee,Total,,100,26,29,13,2,4,0,,,,
1781,,Cities,,60,15,21,8,0,4,,,,,
1782,,,Alcoa,1,2,0,0,0,0,0,0,1,2,10506
1783,,,Algood,0,0,0,1,0,0,0,1,0,0,4517
1784,,,Bartlett3,3,1,0,0,0,0,1,0,2,0,59407
1785,,,Brighton,1,0,0,0,0,0,0,1,0,0,2910
1786,,,Chattanooga,4,3,1,1,0,1,0,1,5,4,180397
1787,,,Clarksville,4,0,0,0,0,0,0,3,0,1,156264
1788,,,Cleveland,3,0,1,0,0,0,1,1,0,2,44954
1789,,,Clifton,0,1,0,0,0,0,1,0,0,0,2676
1790,,,Clinton,1,0,0,0,0,0,0,0,1,0,10137
1791,,,Covington,0,0,0,1,0,0,0,0,1,0,8794
1792,,,Crossville,1,0,0,0,0,0,0,0,1,0,11535
1793,,,Dandridge,0,0,1,0,0,0,0,0,1,0,2981
1794,,,Dover,0,1,0,0,0,0,1,0,0,0,1461
1795,,,Dyersburg,0,0,2,0,0,0,0,0,0,2,16382
1796,,,Elizabethton,2,0,1,0,0,0,1,0,0,2,13657
1797,,,Franklin,0,2,2,0,0,0,1,2,0,1,80825
1798,,,Germantown,1,0,0,0,0,0,0,0,1,0,39179
1799,,,Greenbrier,0,0,0,0,0,1,0,1,0,0,6899
1800,,,Greeneville,2,0,0,1,0,0,0,0,3,0,14867
1801,,,Hendersonville,1,0,0,0,0,0,0,0,1,0,58437
1802,,,Jackson,1,0,0,0,0,0,1,0,0,0,66848
1803,,,Kingsport,2,0,0,0,0,0,0,0,0,2,50565
1804,,,Knoxville,4,2,3,1,0,0,5,3,1,1,188653
1805,,,Lebanon,5,0,0,0,0,0,1,1,3,0,33181
1806,,,Maryville,2,0,0,0,0,0,0,2,0,0,28961
1807,,,McMinnville,1,0,0,0,0,0,1,0,0,0,13668
1808,,,Memphis,3,0,3,0,0,0,0,2,2,2,652226
1809,,,Metropolitan Nashville Police Department,3,0,0,0,0,2,3,0,1,1,686492
1810,,,Millington,3,0,0,2,0,0,2,0,2,1,11016
1811,,,Morristown,1,0,1,0,0,0,0,1,1,0,29859
1812,,,Mount Juliet,1,1,0,0,0,0,0,0,1,1,36397
1813,,,Munford,1,0,0,0,0,0,0,1,0,0,6090
1814,,,Murfreesboro,2,0,3,0,0,0,0,1,1,3,140702
1815,,,Oak Ridge,2,0,1,0,0,0,0,1,0,2,26053
1816,,,Pigeon Forge,1,0,0,0,0,0,0,0,0,1,6291
1817,,,Ripley,0,1,0,0,0,0,0,1,0,0,7977
1818,,,Sevierville,0,0,1,0,0,0,0,1,0,0,16999
1819,,,Shelbyville,0,0,1,0,0,0,1,0,0,0,21708
1820,,,Springfield,0,1,0,0,0,0,0,1,0,0,16896
1821,,,Spring Hill,3,0,0,0,0,0,0,2,1,0,31100
1822,,,Trenton,1,0,0,0,0,0,1,0,0,0,4043
1823,,,Whitwell,0,0,0,1,0,0,1,0,0,0,1706
1824,,Universities and Colleges,,2,0,1,0,0,0,,,,,
1825,,,Tennessee State University,0,0,1,0,0,0,0,0,0,1,9820
1826,,,Vanderbilt University,2,0,0,0,0,0,1,0,1,0,13397
1827,,Metropolitan Counties,,23,7,4,4,1,0,,,,,
1828,,,Blount,1,0,2,0,0,0,0,0,3,0,
1829,,,Bradley,3,1,0,0,0,0,1,1,2,0,
1830,,,Carter,0,0,1,0,0,0,0,0,1,0,
1831,,,Gibson,6,1,0,0,0,0,2,1,2,2,
1832,,,Hamilton,0,2,0,0,0,0,1,1,0,0,
1833,,,Jefferson,0,1,0,0,0,0,0,0,0,1,
1834,,,Maury,1,0,0,0,0,0,0,1,0,0,
1835,,,Montgomery3,1,0,1,0,1,0,0,1,1,0,
1836,,,Robertson,0,1,0,0,0,0,0,0,1,0,
1837,,,Rutherford,1,0,0,0,0,0,0,1,0,0,
1838,,,Shelby,5,0,0,1,0,0,1,2,0,3,
1839,,,Sullivan,1,1,0,3,0,0,0,0,3,2,
1840,,,Washington,3,0,0,0,0,0,0,1,1,1,
1841,,,Williamson,1,0,0,0,0,0,0,1,0,0,
1842,,Nonmetropolitan Counties,,4,2,2,1,0,0,,,,,
1843,,,Benton,0,1,0,0,0,0,1,0,0,0,
1844,,,Hardeman,0,1,0,0,0,0,0,0,0,1,
1845,,,Hickman,0,0,0,1,0,0,0,0,0,1,
1846,,,McMinn,1,0,0,0,0,0,0,1,0,0,
1847,,,Meigs,1,0,1,0,0,0,2,0,0,0,
1848,,,Monroe,1,0,1,0,0,0,0,0,2,0,
1849,,,Sevier,1,0,0,0,0,0,1,0,0,0,
1850,,State Police Agencies,,10,2,1,0,1,0,,,,,
1851,,,Department of Safety3,10,2,1,0,1,0,6,4,1,1,
1852,,Other Agencies,,1,0,0,0,0,0,,,,,
1853,,,Tennessee Bureau of Investigation,1,0,0,0,0,0,0,1,0,0,
1854,Texas,Total,,314,59,50,16,3,15,,,,,
1855,,Cities,,241,50,42,14,3,14,,,,,
1856,,,Abilene,3,2,0,0,0,0,0,1,1,3,116805
1857,,,Addison,0,0,0,0,0,1,0,0,0,1,15839
1858,,,Arlington,8,2,1,0,0,0,0,2,2,7,400920
1859,,,Austin,13,0,4,1,0,1,7,5,4,3,919709
1860,,,Balch Springs,1,0,0,0,0,0,0,1,0,0,25565
1861,,,Bellmead,1,0,0,0,0,0,0,0,1,0,10587
1862,,,Blanco,1,0,0,0,0,0,,0,1,0,2062
1863,,,Borger,1,0,0,0,0,0,1,0,0,0,12675
1864,,,Breckenridge,1,0,0,0,0,0,0,1,0,0,5396
1865,,,Brenham,3,1,1,0,0,0,0,2,1,2,17116
1866,,,Bridgeport,0,0,1,0,0,0,1,0,0,0,6691
1867,,,Brownsville,1,0,0,0,0,0,0,0,1,0,184461
1868,,,Brownwood,1,0,0,0,0,0,0,0,1,0,18772
1869,,,Burleson,1,0,0,0,0,0,1,0,0,0,37451
1870,,,Canyon,1,1,0,0,0,0,0,0,1,1,15608
1871,,,Carrollton,1,0,0,0,0,0,0,0,0,1,81238
1872,,,Carthage,1,0,0,0,0,0,0,0,0,1,6555
1873,,,Cedar Park,2,0,0,3,0,0,0,0,0,5,70496
1874,,,Cisco,0,0,0,0,1,0,0,0,1,0,3789
1875,,,Conroe,0,1,0,0,0,0,0,0,0,1,87544
1876,,,Corpus Christi,1,0,0,0,0,0,0,1,0,0,328614
1877,,,Dallas,15,4,7,2,0,3,1,3,14,13,1278345
1878,,,Dayton,0,1,0,0,0,0,0,1,0,0,8070
1879,,,Decatur,9,0,0,0,0,0,4,2,2,1,6826
1880,,,Del Rio,0,0,1,0,0,0,0,1,0,0,36007
1881,,,Denton,3,0,1,0,0,0,2,1,1,0,139262
1882,,,DeSoto,0,0,1,0,0,0,0,1,0,0,54201
1883,,,Dumas,8,1,0,0,0,0,4,3,1,1,14790
1884,,,El Campo,2,0,0,0,0,0,0,0,0,2,11764
1885,,,Elgin,1,0,0,0,0,0,0,1,0,0,8874
1886,,,El Paso,0,1,1,0,0,0,1,1,0,0,688442
1887,,,Ennis,6,1,0,0,0,1,2,0,3,3,19367
1888,,,Ferris,1,0,0,0,0,0,0,1,0,0,2649
1889,,,Fort Worth3,18,2,5,1,0,0,5,13,6,0,884233
1890,,,Freeport,13,0,0,1,0,0,5,2,7,0,12185
1891,,,Frisco,0,0,1,0,0,0,0,0,0,1,115650
1892,,,Garland,1,0,0,0,0,0,0,0,0,1,239220
1893,,,Georgetown,1,0,0,0,0,0,0,1,0,0,74709
1894,,,Gladewater,1,0,0,0,0,0,0,0,0,1,3847
1895,,,Graham,2,0,0,0,0,0,1,0,1,0,8656
1896,,,Grand Prairie,3,0,0,1,0,0,1,2,0,1,135214
1897,,,Hamilton,1,0,0,0,0,0,,1,0,0,2994
1898,,,Harlingen,2,1,0,0,0,0,0,0,1,2,65525
1899,,,Hedwig Village,1,0,0,0,0,0,0,0,1,0,2685
1900,,,Henderson,3,1,0,0,0,0,0,2,0,2,13241
1901,,,Highland Village,0,0,1,0,0,0,0,0,0,1,16805
1902,,,Hillsboro,3,0,0,0,0,0,0,0,3,0,8422
1903,,,Horseshoe Bay,0,1,0,0,0,0,1,0,0,0,3097
1904,,,Houston,13,4,6,0,0,2,10,3,9,3,2296862
1905,,,Iowa Park,1,0,0,0,0,0,0,0,1,0,6352
1906,,,Jacksonville,2,0,0,0,0,0,1,0,1,0,14960
1907,,,Katy,2,0,0,0,0,0,0,1,0,1,14964
1908,,,Keller,0,0,1,0,0,0,0,1,0,0,48439
1909,,,Kyle,1,0,1,0,0,0,,1,1,0,46155
1910,,,Lampasas,1,0,0,0,0,0,1,0,0,0,7992
1911,,,League City,2,0,0,0,0,0,0,0,2,0,106264
1912,,,Leander,0,0,0,1,0,0,0,0,0,1,51602
1913,,,Levelland,1,0,0,0,0,0,0,0,1,0,13646
1914,,,Livingston,0,1,0,0,0,0,0,1,0,0,5128
1915,,,Longview,2,0,0,0,0,1,1,1,1,0,79705
1916,,,Lubbock,4,1,2,0,0,0,0,0,5,2,257372
1917,,,Lyford,1,0,0,0,0,0,1,0,0,0,2546
1918,,,Manor,1,0,0,0,0,0,1,0,0,0,10102
1919,,,Mesquite,1,0,0,0,0,0,0,0,0,1,144425
1920,,,Mineral Wells,0,2,0,0,0,0,1,0,0,1,14572
1921,,,Mont Belvieu,4,0,0,0,0,0,3,0,0,1,6301
1922,,,Nacogdoches,2,0,0,0,0,0,0,0,2,0,33703
1923,,,New Braunfels,2,1,0,1,0,0,1,1,2,0,68300
1924,,,North Richland Hills,2,0,0,0,0,1,1,0,0,2,71498
1925,,,Oak Ridge North,4,0,0,0,0,0,1,1,2,0,3143
1926,,,Odessa,6,2,1,0,0,0,0,3,5,1,117453
1927,,,Orange,7,1,0,0,0,0,1,3,3,1,19137
1928,,,Palestine,2,0,0,0,0,0,0,0,2,0,18238
1929,,,Pampa,0,0,1,0,0,1,1,1,0,0,17412
1930,,,Pearland,1,0,1,0,0,0,0,1,1,0,117846
1931,,,Pflugerville,6,0,1,0,1,1,2,4,2,1,65556
1932,,,Plainview,12,9,0,2,0,2,6,6,6,7,20569
1933,,,Port Isabel,2,0,0,0,0,0,2,0,0,0,5064
1934,,,Rockwall,0,1,0,0,0,0,0,1,0,0,45183
1935,,,Rosenberg,2,0,1,0,0,0,0,2,0,1,38541
1936,,,Rusk,2,0,0,0,0,0,0,0,1,1,5539
1937,,,San Antonio,3,2,1,0,0,0,1,2,1,2,1539300
1938,,,Sanger,1,0,0,0,0,0,0,1,0,0,8457
1939,,,San Juan,1,0,0,0,0,0,0,0,1,0,37398
1940,,,San Saba,0,1,0,0,0,0,1,0,0,0,3059
1941,,,Seven Points,1,0,0,0,0,0,1,0,0,0,1424
1942,,,Silsbee,2,1,0,0,0,0,0,1,2,0,6734
1943,,,Stafford,0,1,0,0,1,0,1,1,0,0,18079
1944,,,Sweetwater,1,0,0,0,0,0,1,0,0,0,10530
1945,,,Teague,1,0,0,0,0,0,,0,0,1,3498
1946,,,Temple,3,0,0,0,0,0,0,0,2,1,75706
1947,,,Tyler,1,0,0,0,0,0,0,1,0,0,106159
1948,,,Victoria,1,0,0,1,0,0,1,0,0,1,67766
1949,,,Vidor,1,1,0,0,0,0,0,1,0,1,10875
1950,,,Waco3,1,2,1,0,0,0,0,1,2,0,138091
1951,,,Watauga,1,0,0,0,0,0,0,0,0,1,24757
1952,,,Wichita Falls,2,0,0,0,0,0,0,0,2,0,104738
1953,,Universities and Colleges,,5,0,2,1,0,0,,,,,
1954,,,Angelo State University,1,0,1,0,0,0,1,0,1,0,11025
1955,,,Stephen F. Austin State University,1,0,0,0,0,0,0,0,0,1,14493
1956,,,"University of Houston, Central Campus",2,0,0,0,0,0,1,1,0,0,50293
1957,,,University of Texas:,,,,,,,,,,,
1958,,,Arlington,0,0,1,0,0,0,0,0,0,1,59019
1959,,,Houston,1,0,0,1,0,0,1,0,0,1,6634
1960,,Metropolitan Counties,,55,4,5,1,0,0,,,,,
1961,,,Brazoria,0,0,1,0,0,0,0,0,0,1,
1962,,,Chambers,0,0,1,0,0,0,0,1,0,0,
1963,,,Fort Bend,2,0,0,0,0,0,,2,0,0,
1964,,,Hudspeth,48,0,0,0,0,0,0,14,14,20,
1965,,,Liberty,2,0,0,0,0,0,0,1,0,1,
1966,,,Lubbock,1,0,0,0,0,0,1,0,0,0,
1967,,,Parker,0,1,1,0,0,0,1,0,0,1,
1968,,,Potter,1,1,1,0,0,0,0,1,0,2,
1969,,,Smith,1,0,0,0,0,0,0,0,1,0,
1970,,,Travis,0,1,1,0,0,0,0,2,0,0,
1971,,,Williamson,0,0,0,1,0,0,0,0,0,1,
1972,,,Wise,0,1,0,0,0,0,0,0,1,0,
1973,,Nonmetropolitan Counties,,12,4,1,0,0,0,,,,,
1974,,,Bee,2,0,0,0,0,0,0,1,1,0,
1975,,,Cherokee,3,1,0,0,0,0,2,0,1,1,
1976,,,Deaf Smith,1,0,0,0,0,0,,0,0,1,
1977,,,Delta,1,0,0,0,0,0,0,0,1,0,
1978,,,Erath,0,0,1,0,0,0,0,0,1,0,
1979,,,Floyd,2,0,0,0,0,0,1,1,0,0,
1980,,,Houston,2,1,0,0,0,0,1,0,1,1,
1981,,,Navarro,0,1,0,0,0,0,1,0,0,0,
1982,,,Ward,1,0,0,0,0,0,0,0,0,1,
1983,,,Washington,0,1,0,0,0,0,0,1,0,0,
1984,,Other Agencies,,1,1,0,0,0,1,,,,,
1985,,,Independent School District:  ,,,,,,,,,,,
1986,,,Calhoun County,0,1,0,0,0,0,1,0,0,0,
1987,,,Pflugerville,0,0,0,0,0,1,0,0,0,1,
1988,,,Spring Branch,1,0,0,0,0,0,0,1,0,0,
1989,Utah,Total,,20,7,4,1,0,1,,,,,
1990,,Cities,,18,4,4,1,0,0,,,,,
1991,,,Bountiful,0,0,1,0,0,0,1,0,0,0,44317
1992,,,Clearfield,1,0,0,0,0,0,0,0,1,0,31558
1993,,,Draper,1,0,0,0,0,0,0,0,0,1,46257
1994,,,Farmington,0,1,0,0,0,0,0,0,0,1,25006
1995,,,Hurricane,0,1,0,0,0,0,1,0,0,0,17676
1996,,,Layton,3,0,0,1,0,0,2,0,1,1,78052
1997,,,Price,4,1,0,0,0,0,2,0,3,0,8201
1998,,,Salt Lake City,2,0,2,0,0,0,0,1,2,1,202633
1999,,,Saratoga Springs,1,0,0,0,0,0,0,0,1,0,31786
2000,,,South Salt Lake,1,0,0,0,0,0,0,1,0,0,25160
2001,,,St. George,1,0,0,0,0,0,0,1,0,0,86202
2002,,,Vernal,1,1,0,0,0,0,0,0,0,2,10484
2003,,,Washington,1,0,0,0,0,0,0,0,1,0,27705
2004,,,West Bountiful,1,0,1,0,0,0,0,0,0,2,5705
2005,,,Woods Cross,1,0,0,0,0,0,0,0,0,1,11600
2006,,Nonmetropolitan Counties,,0,1,0,0,0,0,,,,,
2007,,,Wayne,0,1,0,0,0,0,0,1,0,0,
2008,,State Police Agencies,,1,0,0,0,0,0,,,,,
2009,,,Utah Highway Patrol,1,0,0,0,0,0,0,0,1,0,
2010,,Other Agencies,,1,2,0,0,0,1,,,,,
2011,,,Utah Transit Authority,1,2,0,0,0,1,3,0,0,1,
2012,Vermont,Total,,30,11,3,1,0,0,,,,,
2013,,Cities,,25,8,1,1,0,0,,,,,
2014,,,Barre,1,0,0,0,0,0,0,0,0,1,8605
2015,,,Barre Town,1,0,0,0,0,0,0,1,0,0,7693
2016,,,Bellows Falls,0,0,1,0,0,0,0,1,0,0,2993
2017,,,Brandon,1,0,0,0,0,0,0,1,0,0,3766
2018,,,Brattleboro,1,2,0,0,0,0,0,0,2,1,11410
2019,,,Burlington,7,1,0,0,0,0,5,1,1,1,42212
2020,,,Essex,1,0,0,0,0,0,0,0,1,0,21803
2021,,,Hartford,1,0,0,0,0,0,0,1,0,0,9567
2022,,,Lyndonville,1,0,0,0,0,0,1,0,0,0,1157
2023,,,Milton,0,0,0,1,0,0,0,0,1,0,11024
2024,,,Montpelier,1,0,0,0,0,0,0,0,0,1,7434
2025,,,Morristown,1,1,0,0,0,0,0,1,1,0,5450
2026,,,South Burlington,1,2,0,0,0,0,2,0,1,0,19318
2027,,,Springfield,1,0,0,0,0,0,1,0,0,0,8864
2028,,,St. Albans,1,0,0,0,0,0,0,0,0,1,6777
2029,,,St. Johnsbury,1,0,0,0,0,0,0,1,0,0,7158
2030,,,Stowe,1,0,0,0,0,0,0,1,0,0,4495
2031,,,Swanton,0,1,0,0,0,0,0,1,0,0,6560
2032,,,Williston,1,1,0,0,0,0,1,0,1,0,9778
2033,,,Winhall,3,0,0,0,0,0,0,0,3,0,730
2034,,Universities and Colleges,,1,2,1,0,0,0,,,,,
2035,,,University of Vermont,1,2,1,0,0,0,4,0,0,0,15069
2036,,Metropolitan Counties,,1,0,0,0,0,0,,,,,
2037,,,Chittenden,1,0,0,0,0,0,0,1,0,0,
2038,,Nonmetropolitan Counties,,1,0,0,0,0,0,,,,,
2039,,,Windham,1,0,0,0,0,0,0,0,1,0,
2040,,State Police Agencies,,2,1,1,0,0,0,,,,,
2041,,,State Police:  ,,,,,,,,,,,
2042,,,Middlesex,0,0,1,0,0,0,0,0,1,0,
2043,,,Rutland,1,0,0,0,0,0,0,0,1,0,
2044,,,Shaftsbury,0,1,0,0,0,0,0,0,1,0,
2045,,,Vermont State Police Headquarters Bureau of Criminal Investigations,1,0,0,0,0,0,0,1,0,0,
2046,Virginia,Total,,85,25,23,9,1,0,,,,,
2047,,Cities,,20,4,3,2,0,0,,,,,
2048,,,Alexandria,2,0,0,0,0,0,0,1,0,1,162588
2049,,,Bristol,0,1,0,0,0,0,0,0,0,1,16613
2050,,,Charlottesville,4,1,0,0,0,0,1,0,3,1,48585
2051,,,Chesapeake,2,0,0,0,0,0,0,0,0,2,242310
2052,,,Fairfax City,1,0,0,0,0,0,1,0,0,0,24259
2053,,,Falls Church,1,0,0,0,0,0,0,0,0,1,14884
2054,,,Front Royal,0,0,1,0,0,0,0,1,0,0,15356
2055,,,Hampton,1,0,1,1,0,0,0,1,1,1,133965
2056,,,Middleburg,1,0,0,0,0,0,0,0,0,1,879
2057,,,Newport News,4,0,1,0,0,0,2,0,1,2,178734
2058,,,Orange,1,0,0,0,0,0,1,0,0,0,5016
2059,,,Petersburg,0,0,0,1,0,0,0,0,0,1,31568
2060,,,Suffolk,1,0,0,0,0,0,0,0,1,0,90817
2061,,,Vienna,1,0,0,0,0,0,1,0,0,0,16660
2062,,,Virginia Beach,1,1,0,0,0,0,0,0,1,1,451001
2063,,,Williamsburg,0,1,0,0,0,0,0,0,0,1,15191
2064,,Universities and Colleges,,6,2,2,2,0,0,,,,,
2065,,,George Mason University,2,0,0,0,0,0,1,0,0,1,46266
2066,,,Northern Virginia Community College,2,1,0,0,0,0,0,0,2,1,74283
2067,,,Old Dominion University,0,0,2,0,0,0,0,1,1,0,28758
2068,,,University of Mary Washington,0,0,0,1,0,0,0,0,0,1,5276
2069,,,University of Virginia,1,1,0,1,0,0,0,2,1,0,27960
2070,,,Virginia Commonwealth University,1,0,0,0,0,0,0,0,0,1,34271
2071,,Metropolitan Counties,,58,18,15,3,1,0,,,,,
2072,,,Albemarle County Police Department,1,0,0,1,0,0,0,0,0,2,
2073,,,Arlington County Police Department,4,0,1,0,0,0,2,0,1,2,
2074,,,Bedford,1,0,0,2,0,0,0,0,0,3,
2075,,,Campbell,1,0,0,0,0,0,0,0,1,0,
2076,,,Chesterfield County Police Department,4,3,0,0,0,0,3,2,1,1,
2077,,,Dinwiddie,2,1,0,0,0,0,2,0,0,1,
2078,,,Fairfax County Police Department,16,5,5,0,0,0,3,4,11,8,
2079,,,Fluvanna,1,0,0,0,0,0,1,0,0,0,
2080,,,Franklin,1,0,0,0,0,0,0,0,1,0,
2081,,,Frederick,0,0,1,0,0,0,0,1,0,0,
2082,,,Giles,1,0,0,0,0,0,0,0,1,0,
2083,,,Gloucester,1,0,1,0,0,0,1,0,0,1,
2084,,,Henrico County Police Department,2,0,0,0,0,0,0,1,1,0,
2085,,,King William,0,0,0,0,1,0,1,0,0,0,
2086,,,Loudoun,13,6,1,0,0,0,8,3,1,8,
2087,,,Nelson,1,0,0,0,0,0,0,1,0,0,
2088,,,Prince William County Police Department,5,2,0,0,0,0,3,2,0,2,
2089,,,Pulaski,0,0,1,0,0,0,0,0,1,0,
2090,,,Roanoke County Police Department,1,0,0,0,0,0,0,1,0,0,
2091,,,Rockingham,0,0,2,0,0,0,0,1,1,0,
2092,,,Southampton,0,0,1,0,0,0,0,0,1,0,
2093,,,Spotsylvania,2,1,0,0,0,0,0,0,1,2,
2094,,,Stafford,1,0,1,0,0,0,0,1,1,0,
2095,,,York,0,0,1,0,0,0,0,0,1,0,
2096,,Nonmetropolitan Counties,,1,1,1,0,0,0,,,,,
2097,,,Accomack,1,0,0,0,0,0,1,0,0,0,
2098,,,Page,0,1,0,0,0,0,1,0,0,0,
2099,,,Surry,0,0,1,0,0,0,0,0,1,0,
2100,,State Police Agencies,,0,0,2,2,0,0,,,,,
2101,,,State Police:  ,,,,,,,,,,,
2102,,,Amherst County,0,0,0,1,0,0,0,1,0,0,
2103,,,Fairfax County,0,0,0,1,0,0,0,0,0,1,
2104,,,Virginia Beach,0,0,1,0,0,0,0,0,0,1,
2105,,,Winchester,0,0,1,0,0,0,0,0,0,1,
2106,Washington,Total,,299,72,106,6,5,19,,,,,
2107,,Cities,,270,55,102,6,4,18,,,,,
2108,,,Airway Heights,1,0,0,0,0,0,1,0,0,0,9085
2109,,,Auburn,4,0,0,0,0,0,3,0,0,1,72392
2110,,,Bellevue,3,2,3,0,0,0,2,3,2,1,146913
2111,,,Bellingham,1,4,0,1,0,0,2,2,1,1,90208
2112,,,Bothell,0,0,0,0,0,1,0,1,0,0,28325
2113,,,Castle Rock,0,0,1,0,0,0,0,0,0,1,2251
2114,,,Centralia,2,0,1,0,0,0,0,2,1,0,17299
2115,,,Cheney,1,0,0,0,0,0,0,0,1,0,12715
2116,,,Clarkston,1,0,0,0,0,0,1,0,0,0,7417
2117,,,Dupont,1,0,0,0,0,0,0,0,1,0,9678
2118,,,Edgewood,1,0,0,0,0,0,0,1,0,0,11510
2119,,,Edmonds,2,1,0,0,0,0,2,1,0,0,42565
2120,,,Everett,7,0,0,0,0,0,2,2,1,2,111091
2121,,,Fircrest,1,0,0,0,0,0,0,0,1,0,6839
2122,,,Issaquah,1,0,2,0,0,0,0,3,0,0,38606
2123,,,Kennewick,1,0,0,0,0,0,0,0,0,1,82687
2124,,,Kent,11,3,3,0,0,1,4,5,4,5,129870
2125,,,Kirkland,0,0,0,0,0,1,0,1,0,0,89805
2126,,,Lacey,1,0,0,0,0,0,1,0,0,0,50844
2127,,,Lake Forest Park,1,0,0,0,0,0,1,0,0,0,13504
2128,,,Lake Stevens,1,0,0,0,0,0,0,0,0,1,33491
2129,,,Lakewood,6,0,0,0,0,0,1,2,2,1,60694
2130,,,Longview,3,0,0,0,0,0,1,1,0,1,37720
2131,,,Lynden,1,0,0,0,0,0,0,0,1,0,14612
2132,,,Lynnwood,2,0,0,0,0,0,1,0,0,1,38620
2133,,,Marysville,4,1,0,0,0,0,2,2,0,1,70204
2134,,,Mill Creek,1,0,0,0,0,0,1,0,0,0,21234
2135,,,Monroe,3,0,0,0,0,0,2,0,1,0,19003
2136,,,Morton,0,0,2,0,0,0,1,1,0,0,1164
2137,,,Mountlake Terrace,1,0,0,0,0,0,0,0,1,0,21549
2138,,,Mount Vernon,1,0,0,0,0,0,0,1,0,0,35550
2139,,,Newcastle,1,0,0,0,0,0,0,0,1,0,11878
2140,,,Oak Harbor,2,0,0,0,0,0,0,1,0,1,23330
2141,,,Ocean Shores,0,0,1,0,0,0,0,0,1,0,5977
2142,,,Olympia,1,1,0,0,0,0,0,0,1,1,52312
2143,,,Port Angeles,1,0,0,0,0,0,0,0,1,0,19992
2144,,,Port Townsend,1,0,0,1,0,0,1,0,1,0,9615
2145,,,Pullman,0,0,0,0,1,0,0,1,0,0,33896
2146,,,Puyallup,1,0,0,0,0,0,0,0,1,0,41572
2147,,,Redmond,0,1,0,0,0,0,0,1,0,0,65827
2148,,,Renton,3,0,0,0,0,0,0,2,0,1,102749
2149,,,Sammamish,1,0,0,0,0,0,0,0,0,1,65604
2150,,,SeaTac,0,1,0,0,0,0,0,1,0,0,29463
2151,,,Seattle,159,33,81,4,3,11,57,79,90,64,742759
2152,,,Sedro Woolley,1,0,0,0,0,0,0,0,1,0,11953
2153,,,Spokane,22,3,3,0,0,3,2,10,13,6,218222
2154,,,Spokane Valley,2,0,1,0,0,0,1,0,2,0,99020
2155,,,Tacoma,4,0,1,0,0,0,0,3,1,1,215687
2156,,,Tukwila3,3,3,1,0,0,0,1,1,3,1,20288
2157,,,Tumwater,0,0,0,0,0,1,0,1,0,0,23405
2158,,,Vancouver,1,1,0,0,0,0,0,2,0,0,177580
2159,,,Walla Walla,1,1,0,0,0,0,0,1,0,1,32906
2160,,,Woodland,1,0,0,0,0,0,0,0,1,0,6137
2161,,,Yakima,2,0,2,0,0,0,0,0,1,3,93959
2162,,Universities and Colleges,,1,3,0,0,0,0,,,,,
2163,,,University of Washington,1,0,0,0,0,0,0,0,1,0,55073
2164,,,Western Washington University,0,3,0,0,0,0,3,0,0,0,17475
2165,,Metropolitan Counties,,25,14,3,0,1,0,,,,,
2166,,,Chelan,2,0,0,0,0,0,1,0,0,1,
2167,,,Clark,1,1,0,0,0,0,1,1,0,0,
2168,,,Cowlitz,0,1,0,0,0,0,1,0,0,0,
2169,,,King,6,1,0,0,0,0,1,1,0,5,
2170,,,Pierce,5,3,0,0,0,0,1,4,3,0,
2171,,,Skagit,0,0,1,0,0,0,0,0,0,1,
2172,,,Snohomish,2,5,0,0,0,0,3,1,1,2,
2173,,,Spokane,2,1,2,0,0,0,2,2,0,1,
2174,,,Thurston,1,2,0,0,0,0,0,1,2,0,
2175,,,Walla Walla,0,0,0,0,1,0,0,0,0,1,
2176,,,Whatcom,4,0,0,0,0,0,1,0,0,3,
2177,,,Yakima,2,0,0,0,0,0,1,1,0,0,
2178,,Nonmetropolitan Counties,,3,0,0,0,0,1,,,,,
2179,,,Island,1,0,0,0,0,0,1,0,0,0,
2180,,,Mason,1,0,0,0,0,0,0,0,0,1,
2181,,,Okanogan,1,0,0,0,0,0,0,0,0,1,
2182,,,San Juan,0,0,0,0,0,1,1,0,,,
2183,,Other Agencies,,0,0,1,0,0,0,,,,,
2184,,,Port of Seattle,0,0,1,0,0,0,0,0,0,1,
2185,West Virginia,Total,,28,10,3,1,1,0,,,,,
2186,,Cities,,16,4,2,0,0,0,,,,,
2187,,,Buckhannon,4,0,0,0,0,0,0,0,3,1,5516
2188,,,Charleston,2,4,1,0,0,0,3,1,1,2,47470
2189,,,Fairmont,3,0,0,0,0,0,1,1,1,0,18430
2190,,,Huntington,1,0,0,0,0,0,0,0,0,1,43203
2191,,,Kenova,0,0,1,0,0,0,0,0,0,1,2979
2192,,,Moundsville,1,0,0,0,0,0,1,0,0,0,8417
2193,,,Parkersburg,1,0,0,0,0,0,0,0,0,1,29933
2194,,,Ranson,2,0,0,0,0,0,0,1,0,1,5292
2195,,,Ravenswood,1,0,0,0,0,0,0,1,0,0,3720
2196,,,Vienna,1,0,0,0,0,0,0,0,0,1,10306
2197,,Metropolitan Counties,,3,3,0,1,0,0,,,,,
2198,,,Berkeley,1,3,0,0,0,0,2,0,0,2,
2199,,,Brooke,1,0,0,0,0,0,1,0,0,0,
2200,,,Hancock,0,0,0,1,0,0,1,0,0,0,
2201,,,Marshall,1,0,0,0,0,0,0,1,0,0,
2202,,Nonmetropolitan Counties,,8,2,1,0,1,0,,,,,
2203,,,Lewis,1,1,0,0,1,0,0,0,1,2,
2204,,,Mason,5,0,0,0,0,0,0,2,2,1,
2205,,,McDowell,2,0,0,0,0,0,0,1,0,1,
2206,,,Mercer,0,1,0,0,0,0,0,1,0,0,
2207,,,Pocahontas,0,0,1,0,0,0,0,0,1,0,
2208,,State Police Agencies,,1,1,0,0,0,0,,,,,
2209,,,State Police:  ,,,,,,,,,,,
2210,,,Madison,1,0,0,0,0,0,1,0,0,0,
2211,,,Parkersburg,0,1,0,0,0,0,1,0,0,0,
2212,Wisconsin,Total,,26,8,14,3,0,2,,,,,
2213,,Cities,,12,6,11,2,0,1,,,,,
2214,,,Appleton,0,1,0,0,0,0,1,0,0,0,62164
2215,,,Ashwaubenon,1,0,0,0,0,0,1,0,0,0,17316
2216,,,Beaver Dam,1,0,0,0,0,0,0,0,0,1,16394
2217,,,Fox Valley Metro,0,1,0,0,0,0,0,1,0,0,22006
2218,,,Hudson,0,1,9,0,0,0,10,0,0,0,13848
2219,,,Janesville,2,1,0,0,0,0,2,0,1,0,64471
2220,,,Lake Delton,0,0,1,0,0,0,0,0,0,1,3005
2221,,,Marshall Village,1,0,0,0,0,0,1,0,0,0,3988
2222,,,Mayville,1,0,0,0,0,0,0,1,0,0,4862
2223,,,McFarland,0,0,0,0,0,1,0,1,0,0,8544
2224,,,Merrill,1,0,0,0,0,0,0,0,1,0,9091
2225,,,Milwaukee,2,0,1,0,0,0,0,2,0,1,595619
2226,,,New London,0,1,0,0,0,0,1,0,0,0,5465
2227,,,Phillips,0,0,0,1,0,0,0,1,0,0,1345
2228,,,Seymour,1,0,0,0,0,0,0,0,0,1,3460
2229,,,Sheboygan,0,0,0,1,0,0,0,0,0,1,48195
2230,,,Stevens Point,2,0,0,0,0,0,0,0,0,2,26233
2231,,,Waterloo,0,1,0,0,0,0,1,0,0,0,3337
2232,,Universities and Colleges,,1,0,0,0,0,0,,,,,
2233,,,"University of Wisconsin, Platteville",1,0,0,0,0,0,1,0,0,0,9916
2234,,Metropolitan Counties,,5,1,1,0,0,1,,,,,
2235,,,Eau Claire,1,0,0,0,0,0,1,0,0,0,
2236,,,Rock3,4,1,1,0,0,1,1,3,2,0,
2237,,Nonmetropolitan Counties,,8,0,2,1,0,0,,,,,
2238,,,Burnett,1,0,0,1,0,0,0,1,1,0,
2239,,,Clark,1,0,0,0,0,0,0,0,1,0,
2240,,,Dodge,2,0,1,0,0,0,2,1,0,0,
2241,,,Oneida,4,0,0,0,0,0,2,0,1,1,
2242,,,Wood,0,0,1,0,0,0,0,1,0,0,
2243,,Tribal Agencies,,0,1,0,0,0,0,,,,,
2244,,,Oneida Tribal,0,1,0,0,0,0,0,1,0,0,