,County,Year,Crime Type,Anti-Male,Anti-Female,Anti-Transgender,Anti-Gender Identity Expression,Anti-Age*,Anti-White,Anti-Black,Anti-American Indian/Alaskan Native,Anti-Asian,Anti-Native Hawaiian/Pacific Islander,Anti-Multi-Racial Groups,Anti-Other Race,Anti-Jewish,Anti-Catholic,Anti-Protestant,Anti-Islamic (Muslim),Anti-Multi-Religious Groups,Anti-Atheism/Agnosticism,Anti-Religious Practice Generally,Anti-Other Religion,Anti-Buddhist,"Anti-Eastern Orthodox (Greek, Russian, etc.)",Anti-Hindu,Anti-Jehovahs Witness,Anti-Mormon,Anti-Other Christian,Anti-Sikh,Anti-Hispanic,Anti-Arab,Anti-Other Ethnicity/National Origin,Anti-Non-Hispanic*,Anti-Gay Male,Anti-Gay Female,Anti-Gay (Male and Female),Anti-Heterosexual,Anti-Bisexual,Anti-Physical Disability,Anti-Mental Disability,Total Incidents,Total Victims,Total Offenders,County Name,State FIPS,County Code,County FIPS
0,Albany,2010,Crimes Against Persons,0,0,0,0,0,0,9,0,0,0,0,0,0,0,0,0,0,0,0,1,0,0,0,0,0,0,0,0,0,0,0,2,1,0,0,0,0,0,13,13,20,Albany,36,1,001
1,Albany,2010,Property Crimes,0,0,0,0,0,0,1,0,0,0,0,0,1,0,0,0,0,0,0,0,0,0,0,0,0,0,0,0,0,0,0,0,0,0,0,0,0,0,2,2,2,Albany,36,1,001
2,Albany,2011,Crimes Against Persons,0,0,0,0,0,0,4,0,0,0,0,0,1,0,0,0,0,0,0,0,0,0,0,0,0,0,0,0,0,0,0,2,0,0,0,0,0,0,7,7,7,Albany,36,1,001
3,Albany,2011,Property Crimes,0,0,0,0,0,0,1,0,0,0,1,0,0,1,0,0,0,0,0,0,0,0,0,0,0,0,0,0,0,0,0,0,0,0,0,0,0,0,3,3,3,Albany,36,1,001
4,Albany,2012,Crimes Against Persons,0,0,0,0,0,0,1,0,1,0,0,0,0,0,0,0,0,0,0,0,0,0,0,0,0,0,0,1,0,0,0,0,1,1,0,0,0,0,5,5,8,Albany,36,1,001
5,Albany,2012,Property Crimes,0,0,0,0,0,0,1,0,0,0,0,0,0,0,0,0,0,0,0,0,0,0,0,0,0,0,0,0,0,0,0,1,1,0,0,0,0,0,3,3,3,Albany,36,1,001
6,Albany,2013,Crimes Against Persons,0,0,0,0,0,1,0,0,0,0,0,0,0,0,0,1,0,0,0,0,0,0,0,0,0,0,0,0,0,0,0,1,0,0,0,0,0,0,3,3,3,Albany,36,1,001
7,Albany,2013,Property Crimes,0,0,0,0,0,0,1,0,0,0,0,0,1,0,0,0,0,0,0,0,0,0,0,0,0,0,0,0,0,0,0,0,0,0,0,0,0,0,2,2,2,Albany,36,1,001
8,Albany,2014,Crimes Against Persons,0,0,0,0,0,0,1,0,0,0,0,0,0,1,0,0,0,0,0,0,0,0,0,0,0,0,0,0,0,0,0,1,0,0,0,0,0,0,3,3,3,Albany,36,1,001
9,Albany,2014,Property Crimes,0,0,0,0,1,0,0,0,0,0,0,0,0,0,0,0,0,0,0,0,0,0,0,0,0,0,0,0,0,0,0,0,0,0,0,0,0,0,1,1,1,Albany,36,1,001
10,Albany,2015,Crimes Against Persons,0,0,0,0,0,2,1,0,0,0,0,0,0,0,0,0,0,0,0,0,0,0,0,0,0,0,0,0,0,0,0,0,0,0,0,0,0,0,3,3,4,Albany,36,1,001
11,Albany,2016,Crimes Against Persons,0,0,0,0,0,0,1,0,0,0,0,0,0,0,0,1,0,0,0,0,0,0,0,0,0,0,0,0,0,0,0,1,0,0,0,0,0,0,3,4,3,Albany,36,1,001
12,Albany,2016,Property Crimes,0,0,0,0,0,0,2,0,0,0,0,0,0,0,0,0,1,0,0,0,0,0,0,0,0,0,0,0,0,0,0,0,0,0,0,0,0,0,3,3,3,Albany,36,1,001
13,Allegany,2013,Crimes Against Persons,0,0,0,0,0,0,0,1,0,0,0,0,0,0,0,0,0,0,0,0,0,0,0,0,0,0,0,0,0,0,0,0,0,0,0,0,0,0,1,1,1,Allegany,36,3,003
14,Allegany,2016,Property Crimes,0,0,0,0,0,0,1,0,0,0,0,0,0,0,0,0,0,0,0,0,0,0,0,0,0,0,0,0,0,0,0,0,0,0,0,0,0,0,1,1,1,Allegany,36,3,003
15,Bronx,2010,Crimes Against Persons,0,0,0,0,0,0,0,0,0,0,1,0,5,0,0,1,0,0,0,1,0,0,0,0,0,0,0,2,0,0,0,12,0,0,0,0,0,0,22,22,36,Bronx,36,5,005
16,Bronx,2010,Property Crimes,0,0,0,0,0,0,1,0,0,0,2,0,1,1,0,0,0,0,0,0,0,0,0,0,0,0,0,0,0,0,0,1,0,0,0,0,0,0,6,6,7,Bronx,36,5,005
17,Bronx,2011,Crimes Against Persons,0,0,0,0,0,2,3,0,0,0,0,0,3,0,0,0,0,0,0,0,0,0,0,0,0,0,0,0,0,0,0,1,2,0,0,0,0,0,11,11,17,Bronx,36,5,005
18,Bronx,2011,Property Crimes,0,0,0,0,0,0,1,0,0,0,1,0,3,0,0,0,0,0,0,0,0,0,0,0,0,0,0,0,0,0,0,1,1,0,0,0,0,0,7,7,7,Bronx,36,5,005
19,Bronx,2012,Crimes Against Persons,0,0,0,0,0,0,2,0,0,0,0,0,2,0,0,1,0,0,0,0,0,0,0,0,0,0,0,0,0,0,0,4,0,0,0,0,0,0,9,10,12,Bronx,36,5,005
20,Bronx,2012,Property Crimes,0,0,0,0,0,0,6,0,0,0,1,0,9,0,0,1,0,0,0,1,0,0,0,0,0,0,0,0,0,0,0,0,0,1,0,0,0,0,19,19,19,Bronx,36,5,005
21,Bronx,2013,Crimes Against Persons,0,0,0,0,0,2,2,0,0,0,0,0,1,1,0,1,0,0,0,0,0,0,0,0,0,0,0,0,0,0,0,9,2,0,0,0,0,0,18,20,24,Bronx,36,5,005
22,Bronx,2013,Property Crimes,0,0,0,0,0,0,1,0,0,0,0,0,4,1,0,0,0,0,0,0,0,0,0,0,0,0,0,0,0,0,0,0,0,0,0,0,0,0,6,6,6,Bronx,36,5,005
23,Bronx,2014,Crimes Against Persons,0,0,0,2,0,1,4,0,0,0,1,0,0,0,0,0,0,0,0,0,0,0,0,0,0,0,0,3,0,1,0,5,0,0,0,0,0,0,17,17,22,Bronx,36,5,005
24,Bronx,2014,Property Crimes,0,0,0,0,0,0,1,0,0,0,0,0,5,2,0,1,0,0,0,1,0,0,0,0,0,0,0,0,0,0,0,1,0,0,0,0,0,0,11,11,11,Bronx,36,5,005
25,Bronx,2015,Crimes Against Persons,0,0,0,0,0,1,2,0,1,0,0,0,0,0,0,3,0,0,0,0,0,0,0,0,0,0,0,4,0,1,0,6,2,0,0,0,0,0,20,22,28,Bronx,36,5,005
26,Bronx,2015,Property Crimes,0,0,0,0,0,0,3,0,0,0,0,0,6,0,0,0,0,0,0,0,0,0,0,0,0,0,0,0,0,1,0,1,0,0,0,0,0,0,11,11,11,Bronx,36,5,005
27,Bronx,2016,Crimes Against Persons,0,0,4,0,0,1,0,0,0,0,0,0,0,0,0,6,0,0,0,0,0,0,0,0,0,0,0,0,0,0,0,8,1,0,0,0,0,0,20,20,25,Bronx,36,5,005
28,Bronx,2016,Property Crimes,0,0,0,0,0,1,0,0,0,0,0,0,1,0,0,0,0,0,0,0,0,0,0,0,0,0,0,0,0,0,0,0,0,0,0,0,0,0,2,2,2,Bronx,36,5,005
29,Broome,2010,Crimes Against Persons,0,0,0,0,0,0,1,0,0,0,0,0,0,0,0,0,0,0,0,0,0,0,0,0,0,0,0,0,0,0,0,0,1,0,0,0,0,0,2,2,2,Broome,36,7,007
30,Broome,2011,Crimes Against Persons,0,0,0,0,0,0,0,0,0,0,0,0,0,0,0,0,0,0,0,0,0,0,0,0,0,0,0,0,0,0,0,1,0,0,0,0,0,0,1,1,1,Broome,36,7,007
31,Broome,2011,Property Crimes,0,0,0,0,0,0,0,0,0,0,0,0,1,0,0,0,0,0,0,0,0,0,0,0,0,0,0,0,0,0,0,0,0,0,0,0,0,0,1,1,1,Broome,36,7,007
32,Broome,2012,Crimes Against Persons,0,0,0,0,0,0,2,0,0,0,0,0,0,0,0,0,0,0,0,0,0,0,0,0,0,0,0,0,0,0,0,0,0,0,0,0,0,0,2,2,3,Broome,36,7,007
33,Broome,2012,Property Crimes,0,0,0,0,0,0,1,0,0,0,0,0,0,0,0,0,0,0,0,0,0,0,0,0,0,0,0,0,0,0,0,0,0,0,0,0,0,0,1,1,1,Broome,36,7,007
34,Broome,2013,Crimes Against Persons,0,0,0,0,0,0,1,0,0,0,0,0,0,0,0,0,0,0,0,0,0,0,0,0,0,0,0,0,0,0,0,0,1,0,0,0,0,0,2,2,2,Broome,36,7,007
35,Broome,2013,Property Crimes,0,0,0,1,0,0,0,0,0,0,0,0,2,0,0,0,0,0,0,0,0,0,0,0,0,0,0,0,0,0,0,0,0,0,0,0,0,0,3,3,3,Broome,36,7,007
36,Broome,2014,Property Crimes,0,0,0,0,0,0,0,0,0,0,0,0,1,0,0,0,0,0,0,0,0,0,0,0,0,0,0,0,0,0,0,0,0,0,0,0,0,0,1,1,1,Broome,36,7,007
37,Broome,2015,Crimes Against Persons,0,0,0,0,0,0,1,0,0,0,0,0,1,0,0,0,0,0,0,0,0,0,0,0,0,0,0,0,0,0,0,1,0,0,0,0,0,0,3,3,3,Broome,36,7,007
38,Broome,2016,Crimes Against Persons,0,0,0,0,0,0,1,0,1,0,0,0,0,0,0,0,0,0,0,0,0,0,0,0,0,0,0,0,0,0,0,1,0,0,0,0,0,0,3,3,3,Broome,36,7,007
39,Cattaraugus,2011,Crimes Against Persons,0,0,0,0,0,0,1,0,0,0,0,0,0,0,0,0,0,0,0,0,0,0,0,0,0,0,0,0,0,0,0,0,0,0,0,0,0,0,1,1,1,Cattaraugus,36,9,009
40,Cattaraugus,2012,Crimes Against Persons,0,0,0,0,0,0,1,0,0,0,0,0,0,0,0,0,0,0,0,0,0,0,0,0,0,0,0,0,0,0,0,0,0,0,0,0,0,0,1,1,1,Cattaraugus,36,9,009
41,Cattaraugus,2013,Crimes Against Persons,0,0,0,0,0,1,0,0,0,0,0,0,0,0,0,0,0,0,0,0,0,0,0,0,0,0,0,0,0,0,0,0,0,0,0,0,0,0,1,1,1,Cattaraugus,36,9,009
42,Cattaraugus,2015,Crimes Against Persons,0,0,0,0,0,0,1,0,0,0,0,0,0,0,0,0,0,0,0,0,0,0,0,0,0,0,0,0,0,0,0,1,0,0,0,0,0,0,2,2,2,Cattaraugus,36,9,009
43,Cayuga,2010,Crimes Against Persons,0,0,0,0,0,1,0,0,0,0,0,0,0,0,0,0,0,0,0,0,0,0,0,0,0,0,0,0,0,0,0,0,0,0,0,0,0,0,1,1,1,Cayuga,36,11,011
44,Cayuga,2012,Crimes Against Persons,0,0,0,0,0,0,3,0,0,0,0,0,0,0,0,0,0,0,0,0,0,0,0,0,0,0,0,0,0,0,0,1,0,0,0,0,0,0,4,4,4,Cayuga,36,11,011
45,Cayuga,2015,Crimes Against Persons,0,0,0,0,0,0,0,0,0,0,0,0,0,0,0,0,0,0,0,0,0,0,0,0,0,0,0,0,0,0,0,0,1,0,0,0,0,0,1,1,1,Cayuga,36,11,011
46,Cayuga,2016,Property Crimes,0,0,0,0,0,0,0,0,0,0,0,0,1,0,0,0,0,0,0,0,0,0,0,0,0,0,0,0,0,0,0,0,0,0,0,0,0,0,1,1,1,Cayuga,36,11,011
47,Chautauqua,2010,Crimes Against Persons,0,0,0,0,0,0,1,0,0,0,0,0,0,0,0,0,0,0,0,0,0,0,0,0,0,0,0,0,0,0,0,0,0,0,0,0,0,0,1,1,1,Chautauqua,36,13,013
48,Chautauqua,2011,Crimes Against Persons,0,0,0,0,0,0,1,0,0,0,0,0,0,0,0,0,0,0,0,0,0,0,0,0,0,0,0,0,0,0,0,0,0,0,0,0,0,0,1,1,2,Chautauqua,36,13,013
49,Chautauqua,2013,Crimes Against Persons,0,0,0,0,0,0,2,0,0,0,0,0,0,0,0,0,0,0,0,0,0,0,0,0,0,0,0,0,0,0,0,0,0,0,0,0,0,0,2,2,2,Chautauqua,36,13,013
50,Chautauqua,2013,Property Crimes,0,0,0,0,0,0,1,0,0,0,0,0,0,0,0,0,0,0,0,0,0,0,0,0,0,0,0,0,0,0,0,0,0,0,0,0,0,0,1,1,1,Chautauqua,36,13,013
51,Chautauqua,2015,Crimes Against Persons,0,0,0,0,0,0,1,0,0,0,0,0,0,0,0,0,0,0,0,0,0,0,0,0,0,0,0,0,0,0,0,0,0,0,0,0,0,0,1,1,1,Chautauqua,36,13,013
52,Chemung,2010,Crimes Against Persons,0,0,0,0,0,0,0,0,0,0,0,0,0,0,0,0,0,0,0,0,0,0,0,0,0,0,0,0,0,0,0,1,0,0,0,0,0,0,1,1,1,Chemung,36,15,015
53,Chemung,2011,Crimes Against Persons,0,0,0,0,0,0,1,0,0,0,0,0,0,0,0,0,0,0,0,0,0,0,0,0,0,0,0,0,0,0,0,0,0,0,0,0,0,0,1,1,1,Chemung,36,15,015
54,Chemung,2016,Crimes Against Persons,0,0,0,0,0,0,1,0,0,0,0,0,0,0,0,0,0,0,0,0,0,0,0,0,0,0,0,0,0,0,0,0,0,0,0,0,0,0,1,1,1,Chemung,36,15,015
55,Chemung,2016,Property Crimes,0,0,0,0,0,0,0,0,0,0,0,0,0,0,0,1,0,0,0,0,0,0,0,0,0,0,0,0,0,0,0,0,0,0,0,0,0,0,1,1,1,Chemung,36,15,015
56,Chenango,2010,Crimes Against Persons,0,0,0,0,0,0,2,0,0,0,0,0,0,0,0,0,0,0,0,0,0,0,0,0,0,0,0,0,0,0,0,0,0,0,0,0,0,0,2,2,2,Chenango,36,17,017
57,Chenango,2010,Property Crimes,0,0,0,0,0,0,0,0,0,0,0,0,0,0,0,0,0,0,0,0,0,0,0,0,0,0,0,1,0,0,0,0,0,0,0,0,0,0,1,1,1,Chenango,36,17,017
58,Chenango,2012,Crimes Against Persons,0,0,0,0,0,0,1,0,0,0,0,0,0,0,0,0,0,0,0,0,0,0,0,0,0,0,0,0,0,0,0,0,0,0,0,0,0,0,1,1,1,Chenango,36,17,017
59,Chenango,2014,Property Crimes,0,0,0,0,0,0,1,0,0,0,0,0,0,0,0,0,0,0,0,0,0,0,0,0,0,0,0,0,0,0,0,0,0,0,0,0,0,0,1,1,1,Chenango,36,17,017
60,Chenango,2016,Crimes Against Persons,0,0,0,0,0,0,2,0,0,0,0,0,0,0,0,0,0,0,0,0,0,0,0,0,0,0,0,0,0,0,0,0,0,0,0,0,0,0,2,2,2,Chenango,36,17,017
61,Clinton,2010,Crimes Against Persons,0,0,0,0,0,0,1,0,0,0,0,0,0,0,0,1,0,0,0,0,0,0,0,0,0,0,0,0,0,0,0,2,0,0,0,0,0,0,4,4,4,Clinton,36,19,019
62,Clinton,2010,Property Crimes,0,0,0,0,0,0,1,0,0,0,0,0,1,0,0,0,0,0,0,0,0,0,0,0,0,0,0,0,0,0,0,0,0,0,0,0,0,0,2,2,2,Clinton,36,19,019
63,Clinton,2011,Crimes Against Persons,0,0,0,0,0,0,2,0,0,0,0,0,0,0,0,0,0,0,0,0,0,0,0,0,0,0,0,0,1,0,0,0,0,1,0,0,0,0,4,4,4,Clinton,36,19,019
64,Clinton,2011,Property Crimes,0,0,0,0,0,0,0,0,0,0,0,0,1,0,0,0,0,0,0,0,0,0,0,0,0,0,0,0,0,0,0,0,0,0,0,0,0,0,1,1,1,Clinton,36,19,019
65,Clinton,2012,Crimes Against Persons,0,0,0,0,0,0,0,0,1,0,0,0,0,0,0,0,0,0,0,0,0,0,0,0,0,0,0,0,0,0,0,0,0,0,0,0,0,0,1,1,1,Clinton,36,19,019
66,Clinton,2014,Property Crimes,0,0,0,0,0,0,1,0,0,0,0,0,0,0,0,0,0,0,0,0,0,0,0,0,0,0,0,0,0,0,0,0,0,0,0,0,0,0,1,1,1,Clinton,36,19,019
67,Clinton,2016,Property Crimes,0,0,0,0,0,0,1,0,0,0,0,0,1,0,0,0,0,0,0,0,0,0,0,0,0,0,0,0,0,0,0,0,0,0,0,0,0,0,2,2,2,Clinton,36,19,019
68,Columbia,2010,Crimes Against Persons,0,0,0,0,0,0,0,0,0,0,0,0,0,0,0,0,0,0,0,0,0,0,0,0,0,0,0,0,0,0,0,1,0,0,0,0,0,0,1,1,1,Columbia,36,21,021
69,Columbia,2010,Property Crimes,0,0,0,0,0,0,0,0,0,0,0,0,1,0,0,0,0,0,0,0,0,0,0,0,0,0,0,0,0,0,0,0,0,0,0,0,0,0,1,1,3,Columbia,36,21,021
70,Columbia,2011,Property Crimes,0,0,0,0,0,0,1,0,0,0,0,0,0,0,0,0,0,0,0,0,0,0,0,0,0,0,0,0,0,0,0,0,0,0,0,0,0,0,1,1,1,Columbia,36,21,021
71,Columbia,2012,Crimes Against Persons,0,0,0,1,0,0,0,0,0,0,0,0,0,0,0,0,0,0,0,0,0,0,0,0,0,0,0,0,0,0,0,0,0,0,0,0,0,0,1,1,1,Columbia,36,21,021
72,Columbia,2014,Crimes Against Persons,0,0,0,0,0,0,0,0,0,0,0,0,0,0,0,0,0,0,0,0,0,0,0,0,0,0,0,0,0,0,0,0,1,0,0,0,0,0,1,1,1,Columbia,36,21,021
73,Cortland,2010,Crimes Against Persons,0,0,0,0,0,0,2,0,0,0,0,0,0,0,0,0,0,0,0,0,0,0,0,0,0,0,0,0,0,0,0,0,0,0,0,0,0,0,2,2,2,Cortland,36,23,023
74,Cortland,2010,Property Crimes,0,0,0,0,0,0,0,0,0,0,0,0,0,0,0,0,0,0,0,0,0,0,0,0,0,0,0,0,0,0,0,0,0,2,0,0,0,0,2,2,2,Cortland,36,23,023
75,Cortland,2011,Crimes Against Persons,0,0,0,1,0,0,0,0,0,0,0,0,0,0,0,0,0,0,0,0,0,0,0,0,0,0,0,0,0,0,0,0,0,0,0,0,0,0,1,1,1,Cortland,36,23,023
76,Cortland,2012,Crimes Against Persons,0,0,0,0,0,0,0,0,0,0,0,0,0,0,0,0,0,0,0,0,0,0,0,0,0,0,0,0,0,0,0,1,0,0,0,0,0,0,1,1,1,Cortland,36,23,023
77,Cortland,2013,Crimes Against Persons,0,0,0,0,0,0,1,0,0,0,0,0,0,0,0,0,0,0,0,0,0,0,0,0,0,0,0,0,0,0,0,0,0,0,0,0,0,0,1,1,1,Cortland,36,23,023
78,Cortland,2013,Property Crimes,0,0,0,0,0,0,1,0,0,0,0,0,1,0,0,0,0,0,0,0,0,0,0,0,0,0,0,0,0,0,0,0,0,0,0,0,0,0,2,2,2,Cortland,36,23,023
79,Cortland,2014,Property Crimes,0,0,0,0,0,0,0,0,0,0,0,0,2,0,0,0,0,0,0,0,0,0,0,0,0,0,0,0,0,0,0,0,0,0,0,0,0,0,2,2,2,Cortland,36,23,023
80,Delaware,2015,Crimes Against Persons,0,0,0,0,0,0,0,0,0,0,0,0,0,0,0,1,0,0,0,0,0,0,0,0,0,0,0,0,0,0,0,0,0,0,0,0,0,0,1,1,1,Delaware,36,25,025
81,Dutchess,2010,Crimes Against Persons,0,0,0,0,0,1,3,0,0,0,0,0,0,0,0,0,0,0,0,0,0,0,0,0,0,0,0,5,1,0,0,0,0,0,0,0,0,0,10,10,18,Dutchess,36,27,027
82,Dutchess,2010,Property Crimes,0,0,0,0,0,0,0,0,0,0,0,0,1,0,0,0,0,0,0,0,0,0,0,0,0,0,0,0,0,0,0,1,0,0,0,0,0,0,2,2,2,Dutchess,36,27,027
83,Dutchess,2011,Crimes Against Persons,0,0,0,1,0,1,3,0,0,0,0,0,2,0,0,0,0,0,0,0,0,0,0,0,0,0,0,0,0,0,0,0,0,0,0,0,0,0,7,8,8,Dutchess,36,27,027
84,Dutchess,2011,Property Crimes,0,0,0,0,0,0,2,0,0,0,1,0,3,0,0,0,0,0,0,0,0,0,0,0,0,0,0,0,0,0,0,0,0,0,0,0,0,0,6,6,6,Dutchess,36,27,027
85,Dutchess,2012,Crimes Against Persons,0,0,0,0,0,0,4,0,0,0,0,0,0,0,0,0,0,0,0,0,0,0,0,0,0,0,0,0,0,0,0,0,0,0,0,0,0,0,4,4,4,Dutchess,36,27,027
86,Dutchess,2012,Property Crimes,0,0,0,0,0,0,2,0,0,0,0,0,3,0,0,0,0,0,0,0,0,0,0,0,0,0,0,0,0,0,0,0,0,0,0,0,0,0,5,5,5,Dutchess,36,27,027
87,Dutchess,2013,Crimes Against Persons,0,0,0,0,0,0,2,0,0,0,0,0,0,0,0,0,0,0,0,0,0,0,0,0,0,0,0,0,1,1,0,0,0,0,0,0,1,0,5,7,5,Dutchess,36,27,027
88,Dutchess,2013,Property Crimes,0,0,0,1,0,0,1,0,0,0,0,0,2,0,0,0,0,0,0,0,0,0,0,0,0,0,0,0,0,0,0,0,0,1,0,0,0,0,5,5,5,Dutchess,36,27,027
89,Dutchess,2014,Crimes Against Persons,0,0,0,0,0,0,2,0,0,0,0,0,1,0,0,0,0,0,0,0,0,0,0,0,0,0,0,0,0,0,0,0,0,0,0,0,0,0,3,3,3,Dutchess,36,27,027
90,Dutchess,2015,Crimes Against Persons,0,0,0,0,0,0,2,0,0,0,0,0,1,0,0,0,0,0,0,0,0,0,0,0,0,0,0,1,0,0,0,0,0,0,0,0,0,0,4,4,4,Dutchess,36,27,027
91,Dutchess,2015,Property Crimes,0,0,0,0,0,0,0,0,0,0,0,0,0,0,0,0,0,0,0,0,0,0,0,0,0,0,0,0,0,1,0,0,0,0,0,0,0,0,1,1,1,Dutchess,36,27,027
92,Dutchess,2016,Property Crimes,0,0,0,0,0,0,0,0,0,0,0,0,1,0,0,0,0,0,0,0,0,0,0,0,0,0,0,0,0,0,0,0,0,0,0,0,0,0,1,2,1,Dutchess,36,27,027
93,Erie,2010,Crimes Against Persons,0,0,0,0,0,11,18,0,0,0,1,0,0,0,0,0,0,0,0,0,0,0,0,0,0,0,0,3,1,0,0,5,2,0,0,0,0,0,41,42,52,Erie,36,29,029
94,Erie,2010,Property Crimes,0,0,0,0,0,1,3,0,2,0,0,0,2,0,0,1,0,0,0,0,0,0,0,0,0,0,0,0,0,0,0,0,0,1,0,0,0,0,10,10,10,Erie,36,29,029
95,Erie,2011,Crimes Against Persons,0,0,0,0,0,3,10,0,0,0,0,0,2,0,0,0,0,0,0,0,0,0,0,0,0,0,0,4,1,1,0,5,1,1,0,0,0,1,29,31,34,Erie,36,29,029
96,Erie,2011,Property Crimes,0,0,0,0,0,0,2,0,0,0,0,0,0,0,0,0,0,0,0,0,0,0,0,0,0,0,0,1,1,0,0,0,1,0,0,0,0,0,5,5,5,Erie,36,29,029
97,Erie,2012,Crimes Against Persons,0,0,0,1,0,9,18,0,4,0,0,0,0,0,0,0,0,0,0,0,0,0,0,0,0,0,0,1,1,0,0,7,1,0,0,0,0,0,42,46,54,Erie,36,29,029
98,Erie,2012,Property Crimes,0,0,0,0,0,1,1,0,0,0,0,0,1,0,0,0,0,0,0,0,0,0,0,0,0,0,0,1,2,0,0,1,0,0,0,0,0,0,7,7,9,Erie,36,29,029
99,Erie,2013,Crimes Against Persons,0,1,0,0,0,6,7,0,0,0,0,0,0,0,0,1,0,0,0,0,0,0,0,0,0,0,0,1,1,1,0,0,2,1,0,0,0,0,21,22,23,Erie,36,29,029
100,Erie,2013,Property Crimes,0,0,0,0,0,0,4,0,0,0,0,0,0,0,0,0,0,0,0,0,0,0,0,0,0,0,0,0,0,0,0,0,0,0,0,0,0,0,4,4,4,Erie,36,29,029
101,Erie,2014,Crimes Against Persons,0,0,0,0,0,2,8,0,0,0,0,0,0,0,0,0,0,0,0,0,0,0,0,0,0,0,0,0,1,0,0,3,1,2,0,0,0,0,17,17,22,Erie,36,29,029
102,Erie,2014,Property Crimes,0,0,0,0,0,0,4,0,0,0,0,0,1,0,0,0,0,0,0,0,0,0,0,0,0,0,0,0,0,0,0,0,0,0,0,0,0,0,5,5,5,Erie,36,29,029
103,Erie,2015,Crimes Against Persons,0,0,0,0,0,1,2,0,0,0,0,0,0,0,0,1,0,0,0,0,0,0,0,0,0,0,0,1,0,0,0,1,0,0,0,0,0,0,6,6,6,Erie,36,29,029
104,Erie,2015,Property Crimes,0,0,0,0,0,0,2,0,0,0,1,0,0,0,0,0,0,0,0,0,0,0,0,0,0,0,0,0,0,0,0,2,0,0,0,0,0,0,5,6,5,Erie,36,29,029
105,Erie,2016,Crimes Against Persons,0,0,0,0,0,2,5,0,1,0,0,0,1,0,0,0,0,0,0,0,0,0,0,0,0,0,0,0,0,0,0,1,0,0,0,0,0,0,10,10,11,Erie,36,29,029
106,Erie,2016,Property Crimes,0,0,0,3,0,0,3,0,0,0,0,0,3,0,0,0,0,0,0,0,0,0,0,0,0,0,0,0,0,0,0,1,0,0,0,0,0,0,10,10,10,Erie,36,29,029
107,Essex,2010,Crimes Against Persons,0,0,0,0,0,0,0,0,1,0,0,0,0,0,0,0,0,0,0,0,0,0,0,0,0,0,0,0,0,0,0,0,0,0,0,0,0,0,1,1,1,Essex,36,31,031
108,Essex,2011,Crimes Against Persons,0,0,0,0,0,0,1,0,0,0,0,0,0,0,0,0,0,0,0,0,0,0,0,0,0,0,0,0,0,0,0,0,0,0,0,0,0,0,1,1,1,Essex,36,31,031
109,Essex,2014,Crimes Against Persons,0,0,0,0,0,0,1,0,0,0,0,0,1,0,0,0,0,0,0,0,0,0,0,0,0,0,0,0,0,0,0,0,0,0,0,0,0,0,2,3,2,Essex,36,31,031
110,Essex,2014,Property Crimes,0,0,0,0,0,0,1,0,0,0,0,0,0,0,0,0,0,0,0,0,0,0,0,0,0,0,0,0,0,0,0,0,0,0,0,0,0,0,1,1,1,Essex,36,31,031
111,Essex,2016,Property Crimes,0,0,0,0,0,0,1,0,0,0,0,0,0,0,0,0,0,0,0,0,0,0,0,0,0,0,0,0,0,0,0,0,0,0,0,0,0,0,1,1,1,Essex,36,31,031
112,Franklin,2010,Crimes Against Persons,0,0,0,0,0,0,1,0,0,0,0,0,0,0,0,0,0,0,0,0,0,0,0,0,0,0,0,0,0,0,0,0,0,0,0,0,0,0,1,1,1,Franklin,36,33,033
113,Franklin,2012,Crimes Against Persons,0,0,0,0,0,0,2,0,0,0,0,0,0,0,0,0,0,0,0,0,0,0,0,0,0,0,0,0,0,0,0,0,0,0,0,0,0,0,2,2,3,Franklin,36,33,033
114,Franklin,2013,Property Crimes,0,0,0,0,0,0,1,0,0,0,0,0,1,0,0,0,0,0,0,0,0,0,0,0,0,0,0,0,0,0,0,0,0,0,0,0,0,0,2,2,2,Franklin,36,33,033
115,Franklin,2015,Crimes Against Persons,0,0,0,0,0,0,2,0,0,0,0,0,0,0,0,0,0,0,0,0,0,0,0,0,0,0,0,0,0,0,0,0,0,0,0,0,0,0,2,3,3,Franklin,36,33,033
116,Franklin,2016,Crimes Against Persons,0,0,0,0,0,0,0,0,0,0,0,0,0,0,0,0,0,0,0,0,0,0,0,0,0,0,0,0,0,0,0,1,0,0,0,0,0,0,1,1,1,Franklin,36,33,033
117,Fulton,2012,Crimes Against Persons,0,0,0,0,0,0,1,0,0,0,0,0,0,0,0,0,0,0,0,0,0,0,0,0,0,0,0,0,0,0,0,0,0,0,0,0,0,0,1,1,1,Fulton,36,35,035
118,Genesee,2013,Crimes Against Persons,0,0,0,0,0,0,1,0,0,0,0,0,0,0,0,0,0,0,0,0,0,0,0,0,0,0,0,0,0,0,0,0,0,0,0,0,0,0,1,1,1,Genesee,36,37,037
119,Greene,2015,Crimes Against Persons,0,0,0,0,0,0,1,0,0,0,0,0,0,0,0,0,0,0,0,0,0,0,0,0,0,0,0,0,0,0,0,0,0,0,0,0,0,0,1,1,1,Greene,36,39,039
120,Herkimer,2010,Crimes Against Persons,0,0,0,0,0,0,1,0,0,0,0,0,0,0,0,0,0,0,0,0,0,0,0,0,0,0,0,0,0,0,0,0,0,0,0,0,0,0,1,1,1,Herkimer,36,43,043
121,Herkimer,2013,Property Crimes,0,0,0,0,0,0,1,0,0,0,0,0,0,0,0,0,0,0,0,0,0,0,0,0,0,0,0,0,0,0,0,0,0,0,0,0,0,0,1,1,1,Herkimer,36,43,043
122,Herkimer,2014,Crimes Against Persons,0,0,0,0,0,0,0,0,0,0,0,0,0,0,0,0,0,0,0,0,0,0,0,0,0,0,0,0,1,0,0,0,0,0,0,0,0,0,1,1,1,Herkimer,36,43,043
123,Jefferson,2012,Crimes Against Persons,0,0,0,0,0,0,1,0,0,0,0,0,0,0,0,0,0,0,0,0,0,0,0,0,0,0,0,0,0,0,0,0,0,0,0,0,0,0,1,1,1,Jefferson,36,45,045
124,Jefferson,2013,Crimes Against Persons,0,0,0,0,0,0,0,0,0,0,0,0,0,0,0,0,0,0,0,0,0,0,0,0,0,0,0,0,0,0,0,1,0,0,0,0,0,0,1,1,1,Jefferson,36,45,045
125,Jefferson,2014,Crimes Against Persons,0,0,0,0,0,0,0,0,0,0,0,0,0,0,0,0,0,0,0,0,0,0,0,0,0,0,0,1,0,0,0,0,0,0,0,0,0,0,1,1,1,Jefferson,36,45,045
126,Jefferson,2016,Crimes Against Persons,0,0,0,0,0,0,0,0,0,0,0,0,0,0,0,0,0,0,0,0,0,0,0,0,0,0,0,0,0,0,0,0,1,0,0,0,0,0,1,1,1,Jefferson,36,45,045
127,Jefferson,2016,Property Crimes,0,0,0,0,0,0,0,0,0,0,0,0,0,0,0,0,0,0,0,0,0,0,0,0,0,0,0,0,0,1,0,0,0,0,0,0,0,0,1,1,1,Jefferson,36,45,045
128,Kings,2010,Crimes Against Persons,0,0,0,0,0,3,10,0,0,0,0,0,34,0,0,7,0,0,0,0,0,0,0,0,0,0,0,3,0,1,0,20,3,0,0,0,0,0,81,82,101,Kings,36,47,047
129,Kings,2010,Property Crimes,0,0,0,0,0,0,6,0,1,0,3,0,39,1,1,0,0,0,0,2,0,0,0,0,0,0,0,0,0,0,0,1,0,0,0,0,0,0,54,54,55,Kings,36,47,047
130,Kings,2011,Crimes Against Persons,0,0,0,0,0,1,6,0,0,0,0,0,16,0,0,6,0,0,0,2,0,0,0,0,0,0,0,0,0,2,0,16,3,1,0,0,0,0,53,61,80,Kings,36,47,047
131,Kings,2011,Property Crimes,0,0,0,0,0,0,2,0,0,0,0,0,44,1,0,1,0,0,0,3,0,0,0,0,0,0,0,0,0,0,0,2,0,0,0,0,0,0,53,53,60,Kings,36,47,047
132,Kings,2012,Crimes Against Persons,0,0,0,0,0,1,6,0,0,0,0,0,32,0,0,1,0,0,0,0,0,0,0,0,0,0,0,1,0,0,0,12,3,0,0,0,0,0,56,62,87,Kings,36,47,047
133,Kings,2012,Property Crimes,0,0,0,0,0,1,4,0,0,0,1,0,82,6,1,3,3,0,0,0,0,0,0,0,0,0,0,0,0,0,0,0,0,0,0,0,0,0,101,106,104,Kings,36,47,047
134,Kings,2013,Crimes Against Persons,0,0,0,0,0,4,4,0,2,0,0,0,21,0,0,2,0,0,0,0,0,0,0,0,0,0,0,0,0,4,0,27,4,0,0,0,0,0,68,76,102,Kings,36,47,047
135,Kings,2013,Property Crimes,0,0,0,0,0,0,2,0,0,0,1,0,41,4,0,3,1,0,0,0,0,0,0,0,0,0,0,1,0,1,0,1,0,0,0,0,0,0,55,56,57,Kings,36,47,047
136,Kings,2014,Crimes Against Persons,0,0,0,0,1,1,4,0,0,0,0,0,29,0,0,10,1,0,0,0,0,0,0,0,0,0,0,0,0,0,0,22,4,0,0,0,0,0,72,76,97,Kings,36,47,047
137,Kings,2014,Property Crimes,0,0,0,0,0,1,0,0,0,0,0,0,36,6,0,4,0,0,0,2,0,0,0,0,0,0,0,0,0,10,0,3,0,0,0,0,0,0,62,63,63,Kings,36,47,047
138,Kings,2015,Crimes Against Persons,0,0,0,0,0,3,6,0,2,0,0,0,35,0,0,7,0,0,0,0,0,0,0,0,0,0,0,2,0,0,0,20,3,0,0,0,0,0,78,81,104,Kings,36,47,047
139,Kings,2015,Property Crimes,0,0,0,0,0,0,2,0,0,0,0,0,26,2,0,2,0,0,0,0,0,0,0,0,0,0,0,0,0,2,0,1,0,0,0,0,0,0,35,35,35,Kings,36,47,047
140,Kings,2016,Crimes Against Persons,0,0,5,0,0,6,4,0,1,0,0,0,26,1,0,9,0,0,0,1,0,0,0,0,0,0,0,0,0,3,0,16,3,0,0,0,0,0,75,75,81,Kings,36,47,047
141,Kings,2016,Property Crimes,0,0,0,0,0,1,2,0,0,0,0,0,51,4,0,1,0,0,0,0,0,0,1,0,0,0,0,1,0,1,0,2,0,0,0,0,0,0,64,66,69,Kings,36,47,047
142,Lewis,2012,Crimes Against Persons,0,0,0,0,0,0,0,0,0,0,0,0,0,0,0,0,0,0,0,0,0,0,0,0,0,0,0,1,0,0,0,0,0,0,0,0,0,0,1,1,1,Lewis,36,49,049
143,Livingston,2011,Crimes Against Persons,0,0,0,0,0,0,1,0,1,0,0,0,1,0,0,0,0,0,0,0,0,0,0,0,0,0,0,0,0,0,0,0,0,0,0,0,0,0,3,3,3,Livingston,36,51,051
144,Livingston,2013,Crimes Against Persons,0,0,0,0,0,0,1,0,0,0,0,0,0,0,0,0,0,0,0,0,0,0,0,0,0,0,0,0,0,0,0,0,0,0,0,0,0,0,1,1,1,Livingston,36,51,051
145,Livingston,2014,Crimes Against Persons,0,0,0,1,0,0,0,0,0,0,0,0,0,0,0,0,0,0,0,0,0,0,0,0,0,0,0,0,0,0,0,0,0,0,0,0,0,0,1,1,1,Livingston,36,51,051
146,Livingston,2016,Crimes Against Persons,0,0,0,0,0,0,0,0,0,0,0,0,0,0,0,0,0,0,0,0,0,0,0,0,0,0,0,1,0,0,0,0,0,0,0,0,0,0,1,1,1,Livingston,36,51,051
147,Livingston,2016,Property Crimes,0,0,0,0,0,0,1,0,0,0,0,0,1,0,0,0,0,0,0,0,0,0,0,0,0,0,0,0,0,0,0,0,0,0,0,0,0,0,2,2,2,Livingston,36,51,051
148,Madison,2011,Crimes Against Persons,0,0,0,0,0,0,3,0,0,0,0,0,0,0,0,0,0,0,0,0,0,0,0,0,0,0,0,0,0,0,0,0,0,0,0,0,0,0,3,4,5,Madison,36,53,053
149,Madison,2011,Property Crimes,0,0,0,0,0,0,1,0,0,0,0,0,0,0,0,0,0,0,0,0,0,0,0,0,0,0,0,0,0,0,0,0,0,0,0,0,0,0,1,1,1,Madison,36,53,053
150,Madison,2012,Crimes Against Persons,0,0,0,0,0,0,1,0,0,0,0,0,2,0,0,0,0,0,0,0,0,0,0,0,0,0,0,0,0,0,0,0,0,0,0,0,0,0,3,3,3,Madison,36,53,053
151,Madison,2012,Property Crimes,0,0,0,0,0,0,2,0,0,0,0,0,2,0,0,0,0,0,0,0,0,0,0,0,0,0,0,0,0,0,0,0,0,0,0,0,0,0,4,4,4,Madison,36,53,053
152,Madison,2013,Crimes Against Persons,0,1,0,0,0,0,0,0,0,0,0,0,0,0,0,0,0,0,0,0,0,0,0,0,0,0,0,0,0,0,0,0,0,0,0,0,0,0,1,1,1,Madison,36,53,053
153,Madison,2013,Property Crimes,0,0,0,0,0,0,0,0,0,0,0,0,0,0,1,0,0,0,0,0,0,0,0,0,0,0,0,0,0,0,0,0,0,0,0,0,0,0,1,1,1,Madison,36,53,053
154,Madison,2014,Property Crimes,0,0,0,0,0,0,0,0,0,0,0,0,3,0,0,0,0,0,0,0,0,0,0,0,0,0,0,0,0,0,0,0,0,0,0,0,0,0,3,3,3,Madison,36,53,053
155,Madison,2015,Property Crimes,0,0,0,0,0,0,1,0,0,0,0,0,1,0,0,0,0,0,0,0,0,0,0,0,0,0,0,0,0,0,0,0,0,0,0,0,0,0,2,2,2,Madison,36,53,053
156,Madison,2016,Property Crimes,0,0,0,0,0,1,3,0,0,0,0,0,2,0,0,0,0,0,0,0,0,0,0,0,0,0,0,0,0,0,0,0,0,0,0,0,0,0,6,6,6,Madison,36,53,053
157,Monroe,2010,Crimes Against Persons,0,0,0,0,0,2,3,0,1,0,0,0,0,0,0,0,1,0,0,0,0,0,0,0,0,0,0,0,0,1,0,4,0,0,0,0,0,0,12,14,12,Monroe,36,55,055
158,Monroe,2010,Property Crimes,0,0,0,0,0,0,1,0,0,0,0,0,0,0,0,0,0,0,0,0,0,0,0,0,0,0,0,0,0,0,0,1,0,0,0,0,0,0,2,2,2,Monroe,36,55,055
159,Monroe,2011,Crimes Against Persons,0,0,0,0,0,0,2,0,0,0,0,0,1,0,0,0,0,0,0,0,0,0,0,0,0,0,0,0,0,0,0,1,0,0,0,0,0,0,4,4,4,Monroe,36,55,055
160,Monroe,2011,Property Crimes,0,0,0,0,0,0,2,0,0,0,0,0,1,0,0,0,0,0,0,0,0,0,0,0,0,0,0,0,0,0,0,2,0,0,0,0,0,0,5,5,8,Monroe,36,55,055
161,Monroe,2012,Crimes Against Persons,0,0,0,0,0,0,1,0,1,0,0,0,1,0,0,0,0,0,0,0,0,0,0,0,0,0,0,0,0,0,0,0,0,0,0,0,0,0,3,3,3,Monroe,36,55,055
162,Monroe,2012,Property Crimes,0,0,0,0,0,0,0,0,0,0,0,0,3,0,0,0,0,0,0,0,0,0,0,0,0,0,0,0,0,0,0,0,0,0,0,0,0,0,3,7,3,Monroe,36,55,055
163,Monroe,2013,Crimes Against Persons,0,0,0,0,0,1,5,0,0,0,0,0,0,0,0,1,0,0,0,0,0,0,0,0,0,0,0,0,0,0,0,0,0,0,0,0,0,0,7,8,7,Monroe,36,55,055
164,Monroe,2013,Property Crimes,0,0,0,0,0,1,1,0,0,0,0,0,0,0,0,0,0,0,0,0,0,0,0,0,0,0,0,0,0,0,0,0,0,0,0,0,0,0,2,2,2,Monroe,36,55,055
165,Monroe,2014,Crimes Against Persons,0,0,0,0,0,0,0,0,0,0,0,0,0,0,0,0,0,0,0,0,0,0,0,0,0,0,0,0,0,0,0,0,0,1,0,0,0,0,1,1,2,Monroe,36,55,055
166,Monroe,2014,Property Crimes,0,0,0,0,0,0,0,0,1,0,0,0,0,0,0,0,0,0,0,0,0,0,0,0,0,0,0,0,0,0,0,1,0,0,0,0,0,0,2,2,2,Monroe,36,55,055
167,Monroe,2015,Crimes Against Persons,0,0,1,0,0,0,1,0,0,0,0,0,0,0,0,0,0,0,0,0,0,0,0,0,0,0,0,0,0,0,0,0,0,0,0,0,0,0,2,3,2,Monroe,36,55,055
168,Monroe,2015,Property Crimes,0,0,0,0,0,0,1,0,0,0,0,0,0,0,0,0,0,0,0,0,0,0,0,0,0,0,0,0,0,0,0,0,0,0,0,0,0,0,1,1,1,Monroe,36,55,055
169,Monroe,2016,Crimes Against Persons,0,0,0,0,0,0,1,0,0,0,0,0,0,0,0,0,0,0,0,0,0,0,0,0,0,0,0,0,0,0,0,0,0,0,0,0,0,0,1,1,1,Monroe,36,55,055
170,Monroe,2016,Property Crimes,0,0,0,0,0,0,2,0,0,0,0,0,1,0,0,0,0,0,0,0,0,0,0,0,0,0,0,0,1,0,0,1,0,0,0,0,0,0,5,5,5,Monroe,36,55,055
171,Montgomery,2016,Property Crimes,0,0,0,0,0,0,1,0,0,0,0,0,0,0,0,0,0,0,0,0,0,0,0,0,0,0,0,0,0,0,0,0,0,0,0,0,0,0,1,1,1,Montgomery,36,57,057
172,Nassau,2010,Crimes Against Persons,0,0,0,0,0,0,3,0,0,0,0,0,2,0,0,0,0,0,0,0,0,0,0,0,0,0,0,2,0,1,0,6,0,0,0,0,0,0,14,14,20,Nassau,36,59,059
173,Nassau,2010,Property Crimes,0,0,0,0,0,1,7,0,0,0,0,0,35,0,1,0,0,0,0,1,0,0,0,0,0,0,0,0,0,1,0,1,0,1,0,0,0,0,48,48,50,Nassau,36,59,059
174,Nassau,2011,Crimes Against Persons,0,0,0,0,0,1,5,0,0,0,0,0,2,0,0,0,0,0,0,0,0,0,0,0,0,0,0,1,0,0,0,2,0,0,0,0,0,0,11,12,11,Nassau,36,59,059
175,Nassau,2011,Property Crimes,0,0,0,0,0,0,9,0,1,0,0,0,38,0,0,1,0,0,0,0,0,0,0,0,0,0,0,2,0,0,0,0,0,0,0,0,0,0,51,51,51,Nassau,36,59,059
176,Nassau,2012,Crimes Against Persons,0,0,0,0,0,0,9,0,0,0,0,0,4,0,0,1,0,0,0,0,0,0,0,0,0,0,0,0,0,0,0,0,0,0,0,0,0,0,14,14,14,Nassau,36,59,059
177,Nassau,2012,Property Crimes,0,0,0,0,0,0,6,0,0,0,0,0,29,2,0,0,10,0,0,0,0,0,0,0,0,0,0,1,0,3,0,0,0,2,0,0,0,0,53,53,53,Nassau,36,59,059
178,Nassau,2013,Crimes Against Persons,0,0,0,0,0,0,3,0,1,0,0,0,4,0,0,0,0,0,0,0,0,0,0,0,0,0,0,3,0,0,0,1,0,1,0,0,0,0,13,16,16,Nassau,36,59,059
179,Nassau,2013,Property Crimes,0,0,0,0,0,0,6,0,1,0,0,0,22,1,1,0,1,0,0,0,0,0,0,0,0,0,0,1,0,0,0,0,0,0,0,0,0,0,33,33,33,Nassau,36,59,059
180,Nassau,2014,Crimes Against Persons,0,0,0,0,0,0,8,0,0,0,0,0,3,0,0,0,0,0,0,0,0,0,0,0,0,0,0,0,0,0,0,3,0,0,0,0,0,0,14,15,15,Nassau,36,59,059
181,Nassau,2014,Property Crimes,0,0,0,0,0,2,7,0,0,0,0,0,16,2,0,0,0,0,0,0,0,0,0,0,0,0,0,1,0,0,0,0,0,0,0,0,0,0,28,28,28,Nassau,36,59,059
182,Nassau,2015,Crimes Against Persons,0,0,0,0,0,0,2,0,0,0,0,0,2,0,1,3,0,0,0,0,0,0,0,0,0,0,0,2,0,0,0,1,0,0,0,0,0,0,11,11,14,Nassau,36,59,059
183,Nassau,2015,Property Crimes,0,0,0,0,0,0,3,0,0,0,1,0,16,1,0,2,1,0,0,0,0,0,0,0,0,0,0,0,0,0,0,0,0,0,0,0,0,0,24,24,24,Nassau,36,59,059
184,Nassau,2016,Crimes Against Persons,0,0,0,0,0,0,0,0,0,0,0,0,3,0,0,1,0,0,0,0,0,0,0,0,0,0,0,0,0,0,0,1,0,0,0,0,0,0,5,6,6,Nassau,36,59,059
185,Nassau,2016,Property Crimes,0,0,0,0,0,3,3,0,0,0,0,0,36,0,1,4,0,0,0,0,0,0,0,0,0,0,0,0,0,0,0,0,0,0,0,0,0,0,47,47,49,Nassau,36,59,059
186,New York,2010,Crimes Against Persons,1,0,0,0,0,1,5,0,8,0,0,0,20,1,0,6,1,0,0,2,0,0,0,0,0,0,0,2,1,3,0,21,1,2,0,0,0,0,75,75,91,New York,36,61,061
187,New York,2010,Property Crimes,0,0,0,0,0,0,5,0,0,0,1,0,9,0,0,2,0,0,0,1,0,0,0,0,0,0,0,0,0,0,0,1,0,0,0,0,0,0,19,19,19,New York,36,61,061
188,New York,2011,Crimes Against Persons,0,0,0,1,0,0,1,0,2,0,0,0,8,0,0,5,0,0,0,1,0,0,0,0,0,0,0,0,1,2,0,19,1,1,0,0,0,0,42,47,54,New York,36,61,061
189,New York,2011,Property Crimes,0,0,0,0,0,0,2,0,0,0,1,0,7,1,0,1,0,0,0,1,0,0,0,0,0,0,0,0,0,1,0,3,0,1,0,0,0,0,18,19,18,New York,36,61,061
190,New York,2012,Crimes Against Persons,0,0,0,2,0,2,7,0,1,0,0,0,12,1,0,4,1,0,0,0,0,0,0,0,0,0,0,4,0,0,0,16,4,0,0,0,0,0,54,61,76,New York,36,61,061
191,New York,2012,Property Crimes,0,0,0,0,0,1,3,0,0,0,0,0,32,0,0,2,0,0,0,0,0,0,0,0,0,0,0,0,0,0,0,1,0,0,0,0,0,0,39,39,39,New York,36,61,061
192,New York,2013,Crimes Against Persons,0,0,0,1,0,4,6,0,2,0,0,0,9,3,0,5,0,0,0,0,0,0,0,0,0,0,0,3,0,1,0,36,1,0,0,0,1,0,72,80,113,New York,36,61,061
193,New York,2013,Property Crimes,0,0,0,0,0,0,2,0,1,0,0,0,22,0,0,1,1,0,0,0,0,0,0,0,0,0,0,0,0,1,0,0,0,0,0,0,0,0,28,28,28,New York,36,61,061
194,New York,2014,Crimes Against Persons,0,0,0,0,0,5,6,0,2,0,1,0,8,0,0,2,0,0,0,0,0,0,0,0,0,0,0,1,0,0,0,27,1,2,0,0,0,0,55,60,78,New York,36,61,061
195,New York,2014,Property Crimes,0,0,0,0,0,0,3,0,0,0,0,0,12,0,0,2,0,0,0,0,0,0,0,0,0,0,0,0,0,1,0,0,0,0,0,0,0,0,18,18,19,New York,36,61,061
196,New York,2015,Crimes Against Persons,0,0,0,0,0,3,6,0,6,0,0,0,12,0,0,3,0,0,0,0,0,0,0,0,0,0,0,0,0,2,0,28,7,0,0,0,0,0,67,73,86,New York,36,61,061
197,New York,2015,Property Crimes,0,0,0,0,0,0,1,0,0,0,0,0,21,4,0,3,0,0,0,0,0,0,0,0,0,0,0,0,0,3,0,2,0,1,0,0,0,0,35,35,35,New York,36,61,061
198,New York,2016,Crimes Against Persons,0,1,5,1,0,5,6,0,3,0,0,0,9,0,0,3,0,0,1,0,0,0,0,0,0,0,0,1,0,1,0,35,8,0,0,0,0,0,79,79,83,New York,36,61,061
199,New York,2016,Property Crimes,0,0,0,0,0,0,1,0,1,0,0,0,31,2,0,2,1,0,0,0,0,0,0,0,0,1,0,0,0,3,0,4,2,0,0,0,0,0,48,48,48,New York,36,61,061
200,Niagara,2010,Crimes Against Persons,0,0,0,0,0,0,0,0,0,0,0,0,0,0,0,0,0,0,0,0,0,0,0,0,0,0,0,0,0,0,0,1,0,0,0,0,0,0,1,1,1,Niagara,36,63,063
201,Niagara,2010,Property Crimes,0,0,0,0,0,0,1,0,0,0,0,0,0,0,0,0,0,0,0,0,0,0,0,0,0,0,0,0,0,0,0,0,0,0,0,0,0,0,1,1,1,Niagara,36,63,063
202,Niagara,2011,Crimes Against Persons,0,0,0,0,0,0,2,0,0,0,0,0,0,0,0,0,0,0,0,0,0,0,0,0,0,0,0,0,2,0,0,2,0,0,0,0,0,0,6,6,6,Niagara,36,63,063
203,Niagara,2011,Property Crimes,0,0,0,0,0,0,1,0,0,0,0,0,0,0,0,0,0,0,0,0,0,0,0,0,0,0,0,0,0,0,0,1,0,0,0,0,0,0,2,2,2,Niagara,36,63,063
204,Niagara,2012,Crimes Against Persons,0,0,0,0,0,0,2,0,0,0,0,0,0,0,0,0,0,0,0,0,0,0,0,0,0,0,0,0,0,0,0,0,1,0,0,0,0,0,3,3,3,Niagara,36,63,063
205,Niagara,2013,Crimes Against Persons,0,0,0,0,0,1,1,0,0,0,0,0,0,0,0,0,0,0,0,0,0,0,0,0,0,0,0,1,0,0,0,0,0,0,0,0,0,0,3,3,3,Niagara,36,63,063
206,Niagara,2014,Property Crimes,0,0,0,0,0,0,0,0,0,0,0,0,0,0,0,0,0,0,0,0,0,0,0,0,0,0,0,0,1,0,0,0,0,0,0,0,0,1,2,2,2,Niagara,36,63,063
207,Niagara,2015,Property Crimes,0,0,0,0,0,0,0,0,0,0,0,0,0,0,0,0,0,0,0,0,0,0,0,0,0,0,0,0,0,0,0,1,0,0,0,0,0,0,1,1,1,Niagara,36,63,063
208,Niagara,2016,Crimes Against Persons,0,0,0,0,0,0,1,0,0,0,0,0,0,0,0,0,0,0,0,0,0,0,0,0,0,0,0,0,0,0,0,0,1,0,0,0,0,0,2,2,2,Niagara,36,63,063
209,Niagara,2016,Property Crimes,0,0,0,0,0,0,1,0,0,0,0,0,0,0,0,0,0,0,0,0,0,0,0,0,0,0,0,0,0,0,0,1,0,0,0,0,0,0,2,2,3,Niagara,36,63,063
210,Oneida,2011,Property Crimes,0,0,0,0,0,0,1,0,0,0,0,0,0,0,0,0,0,0,0,0,0,0,0,0,0,0,0,0,0,0,0,0,0,0,0,0,0,0,1,1,1,Oneida,36,65,065
211,Oneida,2012,Crimes Against Persons,0,0,0,0,0,0,0,0,0,0,0,0,0,0,0,0,0,0,0,0,0,0,0,0,0,0,0,0,0,1,0,1,0,0,0,0,0,0,2,2,2,Oneida,36,65,065
212,Oneida,2013,Crimes Against Persons,0,0,0,0,0,0,2,0,0,0,0,0,0,0,0,0,0,0,0,0,0,0,0,0,0,0,0,0,0,0,0,0,0,0,0,0,0,0,2,2,2,Oneida,36,65,065
213,Oneida,2016,Crimes Against Persons,0,0,0,0,0,0,0,0,0,0,0,0,0,0,0,0,0,0,0,0,0,0,0,0,0,0,0,0,0,0,0,0,1,0,0,0,0,0,1,1,1,Oneida,36,65,065
214,Onondaga,2010,Crimes Against Persons,0,0,0,0,0,0,0,0,0,0,0,0,0,1,0,1,0,0,0,0,0,0,0,0,0,0,0,0,1,0,0,0,0,0,0,0,0,0,3,4,3,Onondaga,36,67,067
215,Onondaga,2011,Crimes Against Persons,0,0,0,1,0,0,1,0,0,0,0,0,0,0,0,0,0,0,0,0,0,0,0,0,0,0,0,0,0,0,0,0,0,0,0,0,0,0,2,2,2,Onondaga,36,67,067
216,Onondaga,2012,Crimes Against Persons,0,0,0,0,0,0,0,0,0,0,0,0,0,0,0,0,0,0,0,0,0,0,0,0,0,0,0,0,1,0,0,0,0,0,0,0,0,0,1,1,1,Onondaga,36,67,067
217,Onondaga,2013,Property Crimes,0,0,0,0,0,0,2,0,0,0,0,0,0,0,0,0,0,0,0,0,0,0,0,0,0,0,0,0,0,0,0,0,0,0,0,0,0,0,2,2,2,Onondaga,36,67,067
218,Onondaga,2014,Crimes Against Persons,0,0,0,0,0,0,0,0,0,0,0,0,0,0,0,0,0,0,0,0,0,0,0,0,0,0,0,0,0,0,0,0,0,0,0,1,0,0,1,1,1,Onondaga,36,67,067
219,Onondaga,2014,Property Crimes,0,0,0,0,0,0,1,0,0,0,0,0,0,0,0,0,0,0,0,0,0,0,0,0,0,0,0,0,0,0,0,0,0,0,0,0,0,0,1,1,1,Onondaga,36,67,067
220,Onondaga,2015,Property Crimes,0,0,0,0,0,0,1,0,0,0,0,0,0,0,0,0,0,0,0,0,0,0,0,0,0,0,0,0,0,0,0,0,0,0,0,0,0,0,1,1,1,Onondaga,36,67,067
221,Ontario,2010,Crimes Against Persons,0,0,0,0,0,0,1,0,0,0,0,0,0,0,0,0,0,0,0,0,0,0,0,0,0,0,0,0,0,0,0,0,0,0,0,0,0,0,1,1,1,Ontario,36,69,069
222,Ontario,2011,Crimes Against Persons,0,0,0,0,0,0,0,0,0,0,0,0,0,0,0,0,0,0,0,0,0,0,0,0,0,0,0,0,0,0,0,0,0,1,0,0,0,0,1,1,1,Ontario,36,69,069
223,Ontario,2011,Property Crimes,0,0,0,0,0,0,1,0,0,0,0,0,0,0,0,0,0,0,0,0,0,0,0,0,0,0,0,0,0,0,0,0,0,0,0,0,0,0,1,1,1,Ontario,36,69,069
224,Ontario,2013,Crimes Against Persons,0,0,0,0,0,0,1,0,0,0,0,0,0,0,0,0,0,0,0,0,0,0,0,0,0,0,0,0,0,0,0,0,0,0,0,0,0,0,1,1,1,Ontario,36,69,069
225,Ontario,2014,Property Crimes,0,0,0,0,0,0,0,0,0,0,0,0,0,0,0,0,1,0,0,0,0,0,0,0,0,0,0,0,0,0,0,0,0,0,0,0,0,0,1,1,1,Ontario,36,69,069
226,Orange,2010,Crimes Against Persons,0,0,0,0,0,2,4,0,0,0,0,0,0,0,0,0,0,0,0,0,0,0,0,0,0,0,0,1,0,1,0,1,0,0,0,0,0,0,9,9,10,Orange,36,71,071
227,Orange,2010,Property Crimes,0,0,0,0,0,0,1,0,0,0,0,0,1,0,0,0,0,0,0,0,0,0,0,0,0,0,0,0,0,0,0,0,0,0,0,0,0,0,2,2,2,Orange,36,71,071
228,Orange,2011,Crimes Against Persons,0,0,0,0,0,0,1,0,0,0,0,0,1,0,0,0,0,0,0,0,0,0,0,0,0,0,0,0,0,0,0,1,0,0,0,0,0,0,3,4,4,Orange,36,71,071
229,Orange,2011,Property Crimes,0,0,0,0,0,0,1,0,0,0,0,0,1,0,0,0,0,0,0,0,0,0,0,0,0,0,0,0,0,0,0,0,0,0,0,0,0,0,2,2,2,Orange,36,71,071
230,Orange,2012,Crimes Against Persons,0,0,0,0,0,0,0,0,0,0,0,0,5,0,0,0,0,0,0,0,0,0,0,0,0,0,0,0,0,0,0,0,0,0,0,0,0,0,5,5,5,Orange,36,71,071
231,Orange,2012,Property Crimes,0,0,0,0,0,0,0,0,0,0,0,0,1,0,0,0,1,0,0,0,0,0,0,0,0,0,0,0,0,0,0,0,0,0,0,0,0,0,2,2,3,Orange,36,71,071
232,Orange,2013,Crimes Against Persons,0,0,0,0,0,0,1,0,0,0,0,0,2,0,0,0,0,0,0,0,0,0,0,0,0,0,0,0,0,0,0,1,0,0,0,0,0,0,4,5,4,Orange,36,71,071
233,Orange,2013,Property Crimes,0,0,0,0,0,0,3,0,0,0,0,0,5,0,0,0,0,0,0,0,0,0,0,0,0,0,0,1,0,0,0,0,0,0,0,0,0,0,9,9,10,Orange,36,71,071
234,Orange,2014,Crimes Against Persons,0,0,0,0,0,0,1,0,0,0,0,0,1,0,0,0,0,0,0,0,0,0,0,0,0,0,0,0,0,0,0,0,0,0,0,0,0,0,2,2,2,Orange,36,71,071
235,Orange,2014,Property Crimes,0,0,0,0,0,0,1,0,0,0,0,0,3,1,0,0,0,0,0,0,0,0,0,0,0,0,0,0,0,0,0,0,0,0,0,0,0,0,5,5,5,Orange,36,71,071
236,Orange,2015,Crimes Against Persons,0,0,0,0,0,0,0,0,0,0,0,0,3,0,0,0,0,0,0,0,0,0,0,0,0,0,0,0,0,0,0,0,0,0,0,0,0,0,3,4,3,Orange,36,71,071
237,Orange,2015,Property Crimes,0,0,0,0,0,0,0,0,0,0,0,0,3,0,0,0,0,0,0,0,0,0,0,0,0,0,0,0,0,0,0,0,0,0,0,0,0,0,3,3,4,Orange,36,71,071
238,Orange,2016,Crimes Against Persons,0,0,0,0,0,0,0,0,0,0,0,0,3,0,0,1,0,0,0,0,0,0,0,0,0,0,0,1,0,0,0,0,0,0,0,0,0,0,5,5,5,Orange,36,71,071
239,Orange,2016,Property Crimes,0,0,0,0,0,0,0,0,0,0,0,0,1,0,0,0,0,0,0,0,0,0,0,0,0,0,0,0,0,0,0,0,0,0,0,0,0,0,1,1,1,Orange,36,71,071
240,Orleans,2010,Crimes Against Persons,0,0,0,0,0,0,0,0,0,0,0,0,0,0,0,1,0,0,0,0,0,0,0,0,0,0,0,0,0,0,0,0,0,0,0,0,0,0,1,1,5,Orleans,36,73,073
241,Orleans,2011,Crimes Against Persons,0,0,0,0,0,0,1,0,0,0,0,0,1,0,0,0,0,0,0,0,0,0,0,0,0,0,0,0,0,0,0,0,0,0,0,0,0,0,2,2,3,Orleans,36,73,073
242,Orleans,2015,Property Crimes,0,0,0,0,0,0,0,0,0,0,0,0,0,0,0,1,0,0,0,0,0,0,0,0,0,0,0,0,0,0,0,0,0,0,0,0,0,0,1,1,2,Orleans,36,73,073
243,Oswego,2010,Crimes Against Persons,0,0,0,0,0,0,1,0,0,0,0,0,2,0,0,0,0,0,0,0,0,0,0,0,0,0,0,1,0,0,0,3,0,0,0,0,0,0,7,10,7,Oswego,36,75,075
244,Oswego,2010,Property Crimes,0,0,0,0,0,0,0,0,0,0,0,0,2,0,0,0,0,0,0,0,0,0,0,0,0,0,0,0,0,0,0,0,0,0,0,0,0,0,2,2,2,Oswego,36,75,075
245,Oswego,2011,Property Crimes,0,0,0,0,0,0,1,0,0,0,0,0,0,0,0,0,0,0,0,0,0,0,0,0,0,0,0,0,0,0,0,0,0,0,0,0,0,0,1,1,1,Oswego,36,75,075
246,Oswego,2012,Crimes Against Persons,0,0,0,0,0,0,0,0,0,0,0,0,0,0,0,0,0,0,0,0,0,0,0,0,0,0,0,0,0,0,0,0,1,0,0,0,0,0,1,1,1,Oswego,36,75,075
247,Oswego,2013,Property Crimes,0,0,0,0,0,0,0,0,0,0,0,0,1,0,0,0,0,0,0,0,0,0,0,0,0,0,0,0,0,0,0,0,0,0,0,0,0,0,1,1,1,Oswego,36,75,075
248,Oswego,2014,Property Crimes,0,0,0,0,0,0,0,0,0,0,0,0,1,0,0,0,0,0,0,0,0,0,0,0,0,0,0,0,0,0,0,0,0,0,0,0,0,0,1,1,1,Oswego,36,75,075
249,Oswego,2015,Crimes Against Persons,0,0,0,0,0,0,1,0,0,0,0,0,0,0,0,0,0,0,0,0,0,0,0,0,0,0,0,0,0,0,0,0,0,0,0,0,0,0,1,1,1,Oswego,36,75,075
250,Oswego,2016,Crimes Against Persons,0,0,0,0,0,0,1,0,0,0,0,0,0,0,0,0,0,0,0,0,0,0,0,0,0,0,0,0,0,0,0,0,0,0,0,0,0,0,1,1,2,Oswego,36,75,075
251,Oswego,2016,Property Crimes,0,0,0,0,0,0,0,0,0,0,1,0,0,0,0,0,0,0,0,0,0,0,0,0,0,0,0,0,0,0,0,0,0,0,0,0,0,0,1,1,1,Oswego,36,75,075
252,Otsego,2010,Crimes Against Persons,0,0,0,0,0,0,1,0,0,0,0,0,0,0,0,0,0,0,0,0,0,0,0,0,0,0,0,0,0,0,0,0,1,0,0,0,0,0,2,2,2,Otsego,36,77,077
253,Otsego,2011,Crimes Against Persons,0,0,0,0,0,0,3,0,0,0,0,0,0,0,0,0,0,0,0,0,0,0,0,0,0,0,0,1,0,0,0,0,3,0,0,0,0,0,7,7,7,Otsego,36,77,077
254,Otsego,2012,Crimes Against Persons,0,0,0,0,0,0,1,0,0,0,0,0,0,0,0,0,0,0,0,0,0,0,0,0,0,0,0,0,0,0,0,0,0,0,0,0,0,0,1,1,1,Otsego,36,77,077
255,Otsego,2013,Property Crimes,0,0,0,0,0,0,0,0,0,0,0,0,3,0,0,0,0,0,0,0,0,0,0,0,0,0,0,0,0,0,0,0,0,0,0,0,0,0,3,3,3,Otsego,36,77,077
256,Otsego,2014,Crimes Against Persons,0,0,0,0,0,0,1,0,0,0,0,0,0,0,0,0,0,0,0,0,0,0,0,0,0,0,0,0,0,0,0,0,0,0,0,0,0,0,1,2,1,Otsego,36,77,077
257,Otsego,2014,Property Crimes,0,0,0,0,0,0,0,0,0,0,0,0,2,0,0,0,0,0,0,0,0,0,0,0,0,0,0,0,0,0,0,0,0,0,0,0,0,0,2,2,2,Otsego,36,77,077
258,Otsego,2015,Crimes Against Persons,0,0,0,0,0,0,1,0,0,0,0,0,0,0,0,0,0,0,0,0,0,0,0,0,0,0,0,0,0,0,0,0,0,0,0,0,0,0,1,2,1,Otsego,36,77,077
259,Otsego,2015,Property Crimes,0,0,0,0,0,0,0,0,0,0,0,0,1,0,0,0,0,0,0,0,0,0,0,0,0,0,0,0,0,0,0,0,0,0,0,0,0,0,1,1,1,Otsego,36,77,077
260,Otsego,2016,Crimes Against Persons,0,0,0,0,0,0,1,0,0,0,0,0,0,0,0,0,0,0,0,0,0,0,0,0,0,0,0,0,0,0,0,0,0,0,0,0,0,0,1,1,1,Otsego,36,77,077
261,Putnam,2012,Crimes Against Persons,0,0,0,0,0,0,0,0,0,0,0,0,1,0,0,0,0,0,0,0,0,0,0,0,0,0,0,1,0,0,0,0,0,0,0,0,0,0,2,2,2,Putnam,36,79,079
262,Putnam,2013,Crimes Against Persons,0,0,0,1,0,0,0,0,0,0,0,0,0,0,0,0,0,0,0,0,0,0,0,0,0,0,0,0,1,0,0,0,0,0,0,0,0,0,2,2,2,Putnam,36,79,079
263,Queens,2010,Crimes Against Persons,0,0,0,0,0,0,3,0,1,0,0,0,9,0,0,1,0,0,0,0,0,0,0,0,0,0,0,3,1,0,0,3,1,1,0,0,0,0,23,23,30,Queens,36,81,081
264,Queens,2010,Property Crimes,0,0,0,0,0,0,3,0,1,0,1,0,15,0,0,3,1,0,0,1,0,0,0,0,0,0,0,0,0,0,0,1,1,1,0,0,0,0,28,28,28,Queens,36,81,081
265,Queens,2011,Crimes Against Persons,0,0,0,0,0,1,1,0,0,0,1,0,2,0,0,0,0,0,0,1,0,0,0,0,0,0,0,0,0,1,0,9,1,0,0,0,0,0,17,18,43,Queens,36,81,081
266,Queens,2011,Property Crimes,0,0,0,0,0,0,5,1,0,0,1,0,19,3,0,1,0,0,0,2,0,0,0,0,0,0,0,0,0,1,0,0,0,0,0,0,0,0,33,33,33,Queens,36,81,081
267,Queens,2012,Crimes Against Persons,0,0,0,0,0,1,1,0,1,0,0,0,0,0,0,7,0,0,0,0,0,0,0,0,0,0,0,2,0,1,0,8,0,0,0,0,0,0,21,21,30,Queens,36,81,081
268,Queens,2012,Property Crimes,0,0,0,0,0,0,1,0,1,0,1,0,36,1,0,3,2,0,0,1,0,0,0,0,0,0,0,1,0,2,0,2,0,0,0,0,0,0,51,52,51,Queens,36,81,081
269,Queens,2013,Crimes Against Persons,0,0,0,0,0,1,3,1,2,0,0,0,1,0,0,4,0,0,0,0,0,0,0,0,0,0,0,1,0,1,0,13,2,0,0,0,0,0,29,31,38,Queens,36,81,081
270,Queens,2013,Property Crimes,0,0,0,0,0,0,0,0,0,0,1,0,13,1,1,0,0,0,0,0,0,0,0,0,0,0,0,1,0,1,0,1,0,0,0,0,0,0,19,20,19,Queens,36,81,081
271,Queens,2014,Crimes Against Persons,0,0,0,0,0,0,0,0,0,0,0,0,2,0,0,3,0,0,0,1,0,0,0,0,0,0,0,2,0,1,0,10,0,0,0,0,0,0,19,20,26,Queens,36,81,081
272,Queens,2014,Property Crimes,0,0,0,0,0,0,2,0,0,0,0,0,16,4,0,0,0,0,0,0,0,0,0,0,0,0,0,1,0,0,0,1,0,0,0,0,0,0,24,24,24,Queens,36,81,081
273,Queens,2015,Crimes Against Persons,0,0,0,0,0,2,2,0,0,0,0,0,3,1,0,2,0,0,0,0,0,0,0,0,0,0,0,2,0,1,0,7,1,0,0,0,1,0,22,23,30,Queens,36,81,081
274,Queens,2015,Property Crimes,0,0,0,0,0,0,2,0,1,0,0,0,13,0,0,0,0,0,0,2,0,0,0,0,0,0,0,2,0,3,0,0,0,0,0,0,0,0,23,23,23,Queens,36,81,081
275,Queens,2016,Crimes Against Persons,0,0,2,0,0,0,1,0,3,0,0,0,1,1,0,6,0,0,0,0,0,0,0,0,0,0,0,0,0,19,0,5,0,0,0,0,0,0,38,38,38,Queens,36,81,081
276,Queens,2016,Property Crimes,0,0,0,1,5,1,6,0,0,0,0,0,15,1,0,1,0,0,0,0,0,0,0,0,0,0,0,1,0,1,0,0,0,0,0,0,0,0,32,32,36,Queens,36,81,081
277,Rensselaer,2010,Crimes Against Persons,0,0,0,0,0,1,1,0,0,0,0,0,0,0,0,0,0,0,0,0,0,0,0,0,0,0,0,0,0,0,0,0,0,0,0,0,0,0,2,2,2,Rensselaer,36,83,083
278,Rensselaer,2011,Property Crimes,0,0,0,0,0,0,1,0,0,0,0,0,0,0,0,0,0,0,0,0,0,0,0,0,0,0,0,0,0,0,0,0,0,0,0,0,0,0,1,1,1,Rensselaer,36,83,083
279,Rensselaer,2012,Property Crimes,0,0,0,0,0,0,1,0,0,0,0,0,0,0,0,0,0,0,0,0,0,0,0,0,0,0,0,0,0,0,0,0,0,0,0,0,0,0,1,1,4,Rensselaer,36,83,083
280,Rensselaer,2013,Crimes Against Persons,0,0,0,0,0,1,0,0,0,0,0,0,0,0,0,0,0,0,0,0,0,0,0,0,0,0,0,0,0,0,0,0,0,0,0,0,0,0,1,1,1,Rensselaer,36,83,083
281,Rensselaer,2013,Property Crimes,0,1,0,0,0,0,0,0,0,0,0,0,0,0,0,0,0,0,0,0,0,0,0,0,0,0,0,0,0,0,0,0,0,0,0,0,0,0,1,1,1,Rensselaer,36,83,083
282,Rensselaer,2015,Crimes Against Persons,0,0,0,0,0,0,0,0,1,0,0,0,0,0,0,0,0,0,0,0,0,0,0,0,0,0,0,0,0,0,0,0,0,0,0,0,0,0,1,1,1,Rensselaer,36,83,083
283,Rensselaer,2015,Property Crimes,0,0,0,0,0,0,0,0,0,0,0,0,0,0,0,0,0,0,0,0,0,0,0,0,0,0,0,0,0,0,0,1,0,0,0,0,0,0,1,2,1,Rensselaer,36,83,083
284,Richmond,2010,Crimes Against Persons,0,0,0,0,0,0,2,0,1,0,1,0,2,0,0,2,0,0,0,0,0,0,0,0,0,0,0,17,0,4,0,4,0,0,0,0,0,0,33,33,59,Richmond,36,85,085
285,Richmond,2010,Property Crimes,0,0,0,0,0,0,1,0,0,0,1,0,3,1,0,0,0,0,0,1,0,0,0,0,0,0,0,0,0,1,0,1,0,0,0,0,0,0,9,9,9,Richmond,36,85,085
286,Richmond,2011,Crimes Against Persons,0,0,0,0,0,0,1,0,0,0,0,0,1,0,0,1,0,0,0,0,0,0,0,0,0,0,0,0,0,0,0,1,1,0,0,0,0,0,5,7,6,Richmond,36,85,085
287,Richmond,2011,Property Crimes,0,0,0,0,0,0,0,0,0,0,0,0,1,0,0,0,0,0,0,0,0,0,0,0,0,0,0,0,0,0,0,1,0,1,0,0,0,0,3,3,3,Richmond,36,85,085
288,Richmond,2012,Crimes Against Persons,0,0,0,0,0,0,3,0,0,0,0,0,1,0,0,2,0,0,0,0,0,0,0,0,0,0,0,2,0,0,0,2,0,0,0,0,0,0,10,11,21,Richmond,36,85,085
289,Richmond,2012,Property Crimes,0,0,0,0,0,0,0,0,0,0,0,0,12,1,0,1,1,0,0,0,0,0,0,0,0,0,0,0,0,1,0,0,0,0,0,0,0,0,16,16,18,Richmond,36,85,085
290,Richmond,2013,Crimes Against Persons,0,0,0,0,0,1,1,0,0,0,0,0,0,0,0,0,0,0,0,0,0,0,0,0,0,0,0,1,0,0,0,1,0,0,0,0,0,0,4,4,7,Richmond,36,85,085
291,Richmond,2013,Property Crimes,0,0,0,0,0,0,0,0,0,0,1,0,7,3,0,1,0,0,0,0,0,0,0,0,0,0,0,0,0,1,0,3,0,0,0,0,0,0,16,16,21,Richmond,36,85,085
292,Richmond,2014,Crimes Against Persons,0,0,0,0,0,0,2,0,0,0,0,0,1,0,0,0,0,0,0,0,0,0,0,0,0,0,0,1,0,1,0,2,0,0,0,0,0,0,7,7,13,Richmond,36,85,085
293,Richmond,2014,Property Crimes,0,0,0,0,0,0,3,0,0,0,0,0,17,1,0,1,0,0,0,1,0,0,0,0,0,0,0,0,0,0,0,0,0,0,0,0,0,0,23,23,25,Richmond,36,85,085
294,Richmond,2015,Crimes Against Persons,0,0,0,0,0,1,1,0,0,0,0,0,4,0,0,1,0,0,0,0,0,0,0,0,0,0,0,0,0,0,0,1,0,0,0,1,0,0,9,9,11,Richmond,36,85,085
295,Richmond,2015,Property Crimes,0,0,0,0,0,0,2,0,0,0,1,0,3,1,0,0,0,0,0,0,0,0,0,0,0,0,0,0,0,0,0,0,0,0,0,0,0,0,7,7,7,Richmond,36,85,085
296,Richmond,2016,Crimes Against Persons,0,0,1,0,0,1,0,0,0,0,0,0,0,0,0,1,0,0,0,0,0,0,0,0,0,0,0,0,0,0,0,0,0,0,0,0,1,0,4,4,4,Richmond,36,85,085
297,Richmond,2016,Property Crimes,0,0,0,0,0,0,0,0,0,0,0,0,4,1,0,0,0,0,0,0,0,0,0,0,0,2,0,0,0,0,0,0,0,0,0,0,0,0,7,7,7,Richmond,36,85,085
298,Rockland,2010,Crimes Against Persons,0,0,0,0,0,0,2,0,0,0,0,0,6,0,0,1,0,0,0,0,0,0,0,0,0,0,0,2,0,1,0,2,0,0,0,0,0,0,14,14,16,Rockland,36,87,087
299,Rockland,2010,Property Crimes,0,0,0,0,0,0,1,0,0,0,0,0,5,0,0,1,0,0,0,3,0,0,0,0,0,0,0,0,0,0,0,0,0,0,0,0,0,0,10,10,10,Rockland,36,87,087
300,Rockland,2011,Crimes Against Persons,0,0,0,0,0,0,1,0,0,0,0,0,2,0,0,0,0,0,0,0,0,0,0,0,0,0,0,0,0,0,0,1,0,0,0,0,0,0,4,4,4,Rockland,36,87,087
301,Rockland,2011,Property Crimes,0,0,0,0,1,0,0,0,0,0,0,0,4,0,0,0,0,0,0,0,0,0,0,0,0,0,0,0,0,0,0,0,1,0,0,0,0,0,6,6,6,Rockland,36,87,087
302,Rockland,2012,Crimes Against Persons,0,0,0,0,0,1,0,0,0,0,0,0,4,0,0,0,0,0,0,0,0,0,0,0,0,0,0,0,0,0,0,0,0,0,0,0,0,0,5,5,11,Rockland,36,87,087
303,Rockland,2012,Property Crimes,0,0,0,0,0,0,0,0,0,0,0,0,1,0,0,0,0,0,0,0,0,0,0,0,0,0,0,0,0,0,0,0,0,0,0,0,0,0,1,1,1,Rockland,36,87,087
304,Rockland,2013,Crimes Against Persons,0,0,0,0,0,0,2,0,0,0,0,0,2,0,0,0,0,0,0,0,0,0,0,0,0,0,0,0,0,0,0,0,0,0,0,0,0,0,4,4,6,Rockland,36,87,087
305,Rockland,2013,Property Crimes,0,0,0,0,0,0,0,0,0,0,0,0,3,0,0,0,0,0,0,0,0,0,0,0,0,0,0,0,0,0,0,0,0,0,0,0,0,0,3,3,3,Rockland,36,87,087
306,Rockland,2014,Crimes Against Persons,0,0,1,0,0,0,0,0,0,0,0,0,1,0,0,0,0,0,0,0,0,0,0,0,0,0,0,1,0,0,0,0,0,0,0,0,0,0,3,4,4,Rockland,36,87,087
307,Rockland,2014,Property Crimes,0,0,0,0,0,0,0,0,0,0,1,0,5,0,0,0,0,0,0,0,0,0,0,0,0,0,0,0,0,0,0,0,0,0,0,0,0,0,6,6,6,Rockland,36,87,087
308,Rockland,2015,Property Crimes,0,0,0,0,0,0,1,0,0,0,0,0,3,0,0,0,0,0,0,0,0,0,0,0,0,0,0,0,0,0,0,0,0,0,0,0,0,0,4,4,4,Rockland,36,87,087
309,Rockland,2016,Crimes Against Persons,0,0,0,0,0,0,3,0,0,0,0,0,1,0,0,0,0,0,0,0,0,0,0,0,0,0,0,0,0,0,0,0,0,0,0,0,0,0,4,4,4,Rockland,36,87,087
310,Rockland,2016,Property Crimes,0,0,0,0,0,0,0,0,0,0,0,0,3,0,0,0,0,0,0,0,0,0,0,0,0,0,0,0,0,0,0,1,0,0,0,0,0,0,4,5,5,Rockland,36,87,087
311,St. Lawrence,2010,Crimes Against Persons,0,0,0,0,0,0,1,0,0,0,0,0,0,0,0,0,0,0,0,0,0,0,0,0,0,0,0,0,0,0,0,0,0,1,0,0,0,0,2,2,2,St. Lawrence,36,89,089
312,St. Lawrence,2011,Crimes Against Persons,0,0,0,0,0,0,0,0,0,0,0,0,0,0,0,0,0,0,0,0,0,0,0,0,0,0,0,0,0,0,0,1,0,0,0,0,0,0,1,1,1,St. Lawrence,36,89,089
313,St. Lawrence,2013,Crimes Against Persons,0,0,0,0,0,0,0,0,0,0,0,0,0,0,0,0,0,0,0,0,0,0,0,0,0,0,0,0,0,0,0,0,1,0,0,0,0,0,1,1,1,St. Lawrence,36,89,089
314,St. Lawrence,2013,Property Crimes,0,0,0,0,0,0,2,0,0,0,0,0,0,0,0,0,0,0,0,0,0,0,0,0,0,0,0,0,0,0,0,0,0,0,0,0,0,0,2,2,2,St. Lawrence,36,89,089
315,St. Lawrence,2014,Crimes Against Persons,0,0,0,0,0,0,1,0,0,0,0,0,1,0,0,0,0,0,0,0,0,0,0,0,0,0,0,0,0,0,0,0,0,0,0,0,0,0,2,2,2,St. Lawrence,36,89,089
316,St. Lawrence,2014,Property Crimes,0,0,0,0,0,0,0,0,0,0,0,0,0,0,0,0,0,0,0,0,0,0,0,0,0,0,0,0,0,0,0,0,0,1,0,0,0,0,1,1,1,St. Lawrence,36,89,089
317,St. Lawrence,2015,Crimes Against Persons,0,0,0,0,0,0,1,0,0,0,0,0,0,0,0,0,0,0,0,0,0,1,0,0,0,0,0,0,0,0,0,1,1,0,0,0,0,0,4,4,4,St. Lawrence,36,89,089
318,St. Lawrence,2015,Property Crimes,0,0,0,0,0,0,0,0,0,0,0,0,0,0,0,0,0,0,0,0,0,0,0,0,0,0,0,0,0,0,0,0,0,1,0,0,0,0,1,1,1,St. Lawrence,36,89,089
319,St. Lawrence,2016,Crimes Against Persons,0,0,0,0,0,0,0,0,0,0,0,0,0,0,0,0,0,0,0,0,0,0,0,0,0,0,0,0,0,1,0,0,0,0,0,0,0,0,1,1,1,St. Lawrence,36,89,089
320,Saratoga,2010,Crimes Against Persons,0,0,0,0,0,0,2,0,1,0,1,0,0,0,0,0,0,0,0,0,0,0,0,0,0,0,0,0,0,0,0,0,0,0,0,0,0,0,4,4,4,Saratoga,36,91,091
321,Saratoga,2010,Property Crimes,0,0,0,0,0,0,1,0,0,0,0,0,0,0,0,0,0,0,0,0,0,0,0,0,0,0,0,0,0,0,0,0,0,0,0,0,0,0,1,1,1,Saratoga,36,91,091
322,Saratoga,2011,Crimes Against Persons,0,0,0,0,0,0,1,0,0,0,0,0,0,0,0,0,0,0,0,0,0,0,0,0,0,0,0,0,1,0,0,0,0,0,0,0,0,0,2,2,2,Saratoga,36,91,091
323,Saratoga,2011,Property Crimes,0,0,0,0,0,0,1,0,0,0,0,0,0,0,0,0,0,0,0,0,0,0,0,0,0,0,0,0,0,0,0,0,0,0,0,0,0,0,1,1,1,Saratoga,36,91,091
324,Saratoga,2012,Crimes Against Persons,0,0,0,0,0,0,2,0,0,0,0,0,0,0,0,0,0,0,0,0,0,0,0,0,0,0,0,0,0,0,0,0,0,0,0,0,0,0,2,2,2,Saratoga,36,91,091
325,Saratoga,2012,Property Crimes,0,0,0,0,0,0,0,0,0,0,0,0,1,0,0,0,0,0,0,0,0,0,0,0,0,0,0,0,0,1,0,0,0,0,0,0,0,0,2,2,3,Saratoga,36,91,091
326,Saratoga,2013,Crimes Against Persons,0,0,0,0,0,0,1,0,0,0,0,0,2,0,0,0,0,0,0,0,0,0,0,0,0,0,0,0,0,0,0,0,0,0,0,0,0,0,3,3,3,Saratoga,36,91,091
327,Saratoga,2013,Property Crimes,0,0,0,0,0,0,0,0,0,0,0,0,1,0,0,0,0,0,0,0,0,0,0,0,0,0,0,0,0,0,0,0,0,0,0,0,0,0,1,1,1,Saratoga,36,91,091
328,Saratoga,2015,Crimes Against Persons,0,0,0,0,0,0,1,0,0,0,0,0,0,0,0,0,0,0,0,0,0,0,0,0,0,0,0,0,0,0,0,0,0,0,0,0,0,0,1,1,1,Saratoga,36,91,091
329,Saratoga,2016,Property Crimes,0,0,0,0,0,0,0,0,0,0,0,0,2,0,0,0,0,0,0,0,0,0,0,0,0,0,0,0,0,0,0,0,0,0,0,0,0,0,2,2,3,Saratoga,36,91,091
330,Schenectady,2010,Crimes Against Persons,0,0,0,0,0,2,2,0,0,0,0,0,0,0,0,0,0,0,0,0,0,0,0,0,0,0,0,0,0,0,0,0,0,0,0,0,0,0,4,4,4,Schenectady,36,93,093
331,Schenectady,2011,Crimes Against Persons,0,0,0,0,0,0,1,0,0,0,1,0,0,0,0,0,0,0,0,0,0,0,0,0,0,0,0,0,0,0,0,0,0,0,0,0,0,0,2,2,2,Schenectady,36,93,093
332,Schenectady,2015,Crimes Against Persons,0,0,0,0,0,0,0,0,0,0,0,0,0,0,0,1,0,0,0,0,0,0,0,0,0,0,0,1,0,0,0,0,0,0,0,0,0,0,2,2,2,Schenectady,36,93,093
333,Schenectady,2016,Property Crimes,0,0,0,0,0,0,0,0,0,0,0,0,0,0,0,1,0,0,0,0,0,0,0,0,0,0,0,0,0,0,0,0,0,0,0,0,0,0,1,1,1,Schenectady,36,93,093
334,Schoharie,2012,Property Crimes,0,0,0,0,0,0,2,0,0,0,0,0,0,0,0,0,0,0,0,0,0,0,0,0,0,0,0,0,0,1,0,0,0,0,0,0,0,0,3,3,3,Schoharie,36,95,095
335,Schoharie,2013,Crimes Against Persons,0,0,0,0,0,0,0,0,0,0,0,0,0,0,0,0,0,0,0,0,0,0,0,0,0,0,0,0,0,0,0,0,0,1,0,0,0,0,1,2,2,Schoharie,36,95,095
336,Schoharie,2014,Crimes Against Persons,0,0,0,0,0,0,0,0,0,0,0,0,0,0,0,0,0,0,0,0,0,0,0,0,0,0,0,1,0,0,0,0,0,0,0,0,0,0,1,1,3,Schoharie,36,95,095
337,Schoharie,2016,Crimes Against Persons,0,0,0,0,0,0,0,0,0,0,0,0,0,0,0,1,0,0,0,0,0,0,0,0,0,0,0,0,0,0,0,0,0,0,0,0,0,0,1,1,1,Schoharie,36,95,095
338,Schoharie,2016,Property Crimes,0,0,0,0,0,0,0,0,0,0,0,0,0,0,0,0,0,0,0,0,0,0,0,0,0,0,0,1,0,0,0,0,0,0,0,0,0,0,1,1,1,Schoharie,36,95,095
339,Schuyler,2011,Crimes Against Persons,0,0,0,0,0,0,1,0,0,0,0,0,0,0,0,0,0,0,0,0,0,0,0,0,0,0,0,0,0,0,0,0,0,0,0,0,0,0,1,1,1,Schuyler,36,97,097
340,Seneca,2010,Property Crimes,0,0,0,0,0,0,1,0,0,0,0,0,0,1,0,0,0,0,0,0,0,0,0,0,0,0,0,0,0,0,0,0,0,0,0,0,0,0,2,2,2,Seneca,36,99,099
341,Seneca,2012,Crimes Against Persons,0,0,0,0,0,0,0,0,0,0,0,0,0,0,0,0,0,0,0,0,0,0,0,0,0,0,0,0,0,0,0,1,0,0,0,0,0,0,1,1,4,Seneca,36,99,099
342,Steuben,2010,Crimes Against Persons,0,0,0,0,0,1,0,0,0,0,0,0,0,0,0,0,0,0,0,0,0,0,0,0,0,0,0,1,0,0,0,0,0,0,0,0,0,0,2,2,3,Steuben,36,101,101
343,Steuben,2013,Crimes Against Persons,0,1,0,0,0,0,0,0,0,0,0,0,0,0,0,0,0,0,0,0,0,0,0,0,0,0,0,0,0,0,0,0,0,0,0,0,0,0,1,12,1,Steuben,36,101,101
344,Suffolk,2010,Crimes Against Persons,0,0,0,0,0,1,7,0,1,0,0,0,4,0,0,1,0,0,0,0,0,0,0,0,0,0,0,10,1,1,0,10,1,0,0,0,0,1,38,42,53,Suffolk,36,103,103
345,Suffolk,2010,Property Crimes,0,0,0,0,0,0,3,0,0,0,0,0,4,1,0,0,0,0,0,1,0,0,0,0,0,0,0,1,0,1,0,1,1,0,0,0,0,0,13,13,13,Suffolk,36,103,103
346,Suffolk,2011,Crimes Against Persons,0,0,0,0,1,1,3,0,0,0,0,0,4,0,0,2,0,0,0,0,0,0,0,0,0,0,0,5,0,3,0,3,0,0,0,0,1,0,23,23,30,Suffolk,36,103,103
347,Suffolk,2011,Property Crimes,0,0,0,0,0,0,3,0,0,0,0,0,3,6,0,0,0,0,0,1,0,0,0,0,0,0,0,0,0,0,0,3,0,0,0,0,0,0,16,16,16,Suffolk,36,103,103
348,Suffolk,2012,Crimes Against Persons,0,0,0,0,0,1,8,0,0,0,0,0,6,0,0,2,0,0,0,1,0,0,0,0,0,0,0,7,1,1,0,1,3,4,0,0,0,0,35,40,35,Suffolk,36,103,103
349,Suffolk,2012,Property Crimes,0,0,0,0,0,0,18,0,1,0,0,0,48,7,0,2,0,0,0,0,0,0,0,0,0,0,0,2,0,2,0,2,0,0,0,0,0,0,82,82,82,Suffolk,36,103,103
350,Suffolk,2013,Crimes Against Persons,0,0,0,0,0,1,7,0,0,0,0,0,4,0,0,0,0,0,0,0,0,0,0,0,0,0,0,4,0,0,0,2,1,2,0,0,0,0,21,22,39,Suffolk,36,103,103
351,Suffolk,2013,Property Crimes,0,0,0,0,0,2,16,0,0,0,0,0,37,5,0,2,0,0,0,4,0,0,0,0,0,0,0,0,0,0,0,1,0,1,0,0,0,0,68,68,68,Suffolk,36,103,103
352,Suffolk,2014,Crimes Against Persons,0,0,0,0,0,0,2,0,1,0,0,0,2,0,0,1,0,0,0,0,0,0,0,0,0,0,0,1,0,1,0,8,0,0,0,0,0,0,16,16,17,Suffolk,36,103,103
353,Suffolk,2014,Property Crimes,0,0,0,0,9,0,13,0,0,0,0,0,48,1,0,0,1,0,0,1,0,0,0,0,0,0,0,0,0,0,0,2,0,0,0,0,0,0,75,75,84,Suffolk,36,103,103
354,Suffolk,2015,Crimes Against Persons,0,0,0,1,0,0,5,0,1,0,0,0,4,0,0,2,0,0,0,0,0,0,0,0,0,0,0,3,0,0,0,3,0,0,1,0,0,0,20,20,21,Suffolk,36,103,103
355,Suffolk,2015,Property Crimes,0,0,0,0,2,0,4,0,1,0,0,0,35,0,0,0,0,0,0,0,0,0,0,0,0,3,0,0,0,0,0,3,1,0,0,0,0,0,49,49,50,Suffolk,36,103,103
356,Suffolk,2016,Crimes Against Persons,0,0,0,0,0,0,2,0,1,0,0,0,0,0,0,0,0,0,0,0,0,0,0,0,0,0,0,0,0,0,0,2,0,0,0,0,0,0,5,5,5,Suffolk,36,103,103
357,Suffolk,2016,Property Crimes,0,0,1,0,0,0,5,0,0,0,0,0,22,5,0,0,0,0,2,0,0,0,0,0,0,1,0,0,0,0,0,2,0,0,0,0,0,0,38,39,38,Suffolk,36,103,103
358,Sullivan,2010,Crimes Against Persons,0,0,0,0,0,0,1,0,0,0,0,0,0,0,0,0,0,0,0,0,0,0,0,0,0,0,0,0,0,0,0,0,0,0,0,0,0,0,1,1,1,Sullivan,36,105,105
359,Sullivan,2010,Property Crimes,0,0,0,0,0,1,0,0,0,0,0,0,1,0,0,0,0,0,0,0,0,0,0,0,0,0,0,0,0,0,0,0,0,0,0,0,0,0,2,2,5,Sullivan,36,105,105
360,Sullivan,2011,Property Crimes,0,0,0,0,0,0,0,0,0,0,0,0,2,0,0,0,0,0,0,0,0,0,0,0,0,0,0,0,0,0,0,0,0,0,0,0,0,0,2,2,2,Sullivan,36,105,105
361,Sullivan,2013,Property Crimes,0,0,0,0,0,0,0,0,0,0,0,0,4,0,0,0,0,0,0,0,0,0,0,0,0,0,0,0,0,0,0,0,0,0,0,0,0,0,4,4,4,Sullivan,36,105,105
362,Tioga,2010,Property Crimes,0,0,0,1,0,0,0,0,0,0,0,0,0,0,0,0,0,0,0,0,0,0,0,0,0,0,0,0,0,0,0,0,0,0,0,0,0,0,1,1,1,Tioga,36,107,107
363,Tioga,2013,Crimes Against Persons,0,0,0,0,0,0,0,0,0,0,0,0,0,0,0,0,0,0,0,0,0,0,0,0,0,0,0,0,0,0,0,1,0,0,0,0,0,0,1,1,3,Tioga,36,107,107
364,Tioga,2015,Crimes Against Persons,0,0,0,0,0,0,1,0,0,0,0,0,0,0,0,0,0,0,0,0,0,0,0,0,0,0,0,0,0,0,0,0,0,0,0,0,0,0,1,1,1,Tioga,36,107,107
365,Tompkins,2010,Crimes Against Persons,0,0,0,0,0,0,2,0,1,0,0,0,0,0,0,0,0,0,0,0,0,0,0,0,0,0,0,1,0,0,0,1,0,0,0,0,0,0,5,5,5,Tompkins,36,109,109
366,Tompkins,2012,Crimes Against Persons,0,0,0,0,0,1,0,0,1,0,0,0,0,0,0,0,0,0,0,0,0,0,0,0,0,0,0,0,0,0,0,2,1,0,0,0,0,0,5,8,5,Tompkins,36,109,109
367,Tompkins,2012,Property Crimes,0,0,0,0,0,0,0,0,0,0,0,0,1,0,0,0,0,0,0,0,0,0,0,0,0,0,0,0,0,0,0,0,0,0,0,0,0,0,1,1,1,Tompkins,36,109,109
368,Tompkins,2013,Crimes Against Persons,0,0,0,0,0,0,0,0,1,0,0,0,0,0,0,0,0,0,0,0,0,0,0,0,0,0,0,0,0,0,0,0,1,0,0,0,0,0,2,2,2,Tompkins,36,109,109
369,Tompkins,2013,Property Crimes,0,0,0,0,0,0,0,0,0,0,0,0,0,0,0,0,0,0,0,0,0,0,0,0,0,0,0,0,0,1,0,0,0,1,0,0,0,0,2,2,2,Tompkins,36,109,109
370,Tompkins,2014,Crimes Against Persons,0,0,0,0,0,0,0,0,0,0,0,0,0,0,0,0,0,0,0,0,0,0,0,0,0,0,0,0,0,0,0,1,0,0,0,0,0,0,1,1,1,Tompkins,36,109,109
371,Tompkins,2014,Property Crimes,0,0,0,0,0,0,1,0,0,0,0,0,0,0,0,0,0,0,0,0,0,0,0,0,0,0,0,0,0,0,0,0,0,0,0,0,0,0,1,1,1,Tompkins,36,109,109
372,Tompkins,2015,Property Crimes,0,0,0,0,0,0,0,0,0,0,0,0,0,0,0,0,0,0,0,0,0,0,0,0,0,0,0,0,0,0,0,1,0,0,0,0,0,0,1,1,1,Tompkins,36,109,109
373,Tompkins,2016,Crimes Against Persons,0,0,0,0,0,0,0,0,0,0,0,0,0,0,0,0,0,0,0,0,0,0,0,0,0,0,0,0,0,0,0,0,1,0,0,0,0,0,1,1,1,Tompkins,36,109,109
374,Tompkins,2016,Property Crimes,0,0,0,0,0,0,0,0,0,0,0,0,0,0,0,0,0,0,0,0,0,0,0,0,0,0,0,0,0,0,0,1,0,0,0,0,0,0,1,1,1,Tompkins,36,109,109
375,Ulster,2010,Crimes Against Persons,0,0,0,0,0,0,1,0,1,0,1,0,0,0,0,0,0,0,0,0,0,0,0,0,0,0,0,0,0,0,0,1,0,0,0,0,0,0,4,4,4,Ulster,36,111,111
376,Ulster,2010,Property Crimes,0,0,0,0,0,0,0,0,0,0,0,0,0,1,0,0,0,0,0,0,0,0,0,0,0,0,0,0,0,0,0,0,0,0,0,0,0,0,1,1,1,Ulster,36,111,111
377,Ulster,2011,Crimes Against Persons,0,0,0,0,1,0,0,0,0,0,0,0,0,0,0,0,0,0,0,0,0,0,0,0,0,0,0,0,0,0,0,1,0,0,0,0,0,0,2,3,4,Ulster,36,111,111
378,Ulster,2011,Property Crimes,0,0,0,0,0,0,3,0,0,0,0,0,0,0,0,0,0,0,0,1,0,0,0,0,0,0,0,0,0,0,0,0,0,0,0,0,0,0,4,4,4,Ulster,36,111,111
379,Ulster,2012,Property Crimes,0,0,0,0,1,0,0,0,0,0,0,0,0,0,0,0,0,0,0,0,0,0,0,0,0,0,0,0,0,0,0,0,0,0,0,0,0,0,1,1,1,Ulster,36,111,111
380,Ulster,2013,Crimes Against Persons,0,0,0,0,0,0,3,0,0,0,0,0,0,0,0,0,0,0,0,0,0,0,0,0,0,0,0,0,0,0,0,0,0,0,0,0,0,0,3,3,3,Ulster,36,111,111
381,Ulster,2013,Property Crimes,0,0,0,0,0,0,0,0,0,0,0,0,1,0,0,0,0,0,0,0,0,0,0,0,0,0,0,0,0,0,0,0,0,0,0,0,0,0,1,1,1,Ulster,36,111,111
382,Ulster,2014,Crimes Against Persons,0,0,0,0,0,0,0,0,0,0,0,0,1,0,0,0,0,0,0,0,0,0,0,0,0,0,0,0,0,0,0,0,0,0,0,0,0,0,1,1,1,Ulster,36,111,111
383,Ulster,2015,Property Crimes,0,0,0,0,0,0,0,0,0,0,0,0,1,0,0,0,0,0,0,0,0,0,0,0,0,0,0,0,0,0,0,0,0,0,0,0,0,0,1,1,1,Ulster,36,111,111
384,Ulster,2016,Crimes Against Persons,0,0,0,0,0,0,1,0,0,0,0,0,0,0,0,0,0,0,0,0,0,0,0,0,0,0,0,0,0,0,0,0,0,0,0,0,0,0,1,1,1,Ulster,36,111,111
385,Ulster,2016,Property Crimes,0,0,0,0,0,1,1,0,0,0,0,0,0,0,0,0,0,0,0,0,0,0,0,0,0,0,0,0,0,0,0,0,0,0,0,0,0,0,2,2,2,Ulster,36,111,111
386,Warren,2012,Property Crimes,0,0,0,0,0,0,0,0,0,0,0,0,1,0,0,0,0,0,0,0,0,0,0,0,0,0,0,0,0,0,0,0,0,0,0,0,0,0,1,1,1,Warren,36,113,113
387,Warren,2015,Crimes Against Persons,0,0,0,0,0,0,0,0,0,0,0,0,0,0,0,0,0,0,0,0,0,0,0,0,0,0,0,1,0,0,0,0,0,0,0,0,0,0,1,1,1,Warren,36,113,113
388,Washington,2010,Crimes Against Persons,0,0,0,0,0,0,0,0,0,0,0,0,0,0,0,0,0,0,0,0,0,0,0,0,0,0,0,1,0,0,0,0,0,0,0,0,0,0,1,1,1,Washington,36,115,115
389,Washington,2012,Crimes Against Persons,0,0,0,0,0,0,2,0,0,0,0,0,0,0,0,0,0,0,0,0,0,0,0,0,0,0,0,0,0,0,0,0,0,0,0,0,0,0,2,2,2,Washington,36,115,115
390,Washington,2014,Crimes Against Persons,0,0,0,0,0,0,0,0,0,0,0,0,0,0,0,0,0,0,0,0,0,0,0,0,0,0,0,0,0,0,0,0,1,0,0,0,0,0,1,1,1,Washington,36,115,115
391,Washington,2014,Property Crimes,0,0,0,0,0,0,0,0,0,0,0,0,0,0,0,0,1,0,0,0,0,0,0,0,0,0,0,0,0,0,0,0,0,0,0,0,0,0,1,1,1,Washington,36,115,115
392,Wayne,2010,Crimes Against Persons,0,0,0,0,0,0,2,0,0,0,0,0,0,0,0,0,0,0,0,0,0,0,0,0,0,0,0,0,0,0,0,1,0,0,0,0,0,0,3,3,3,Wayne,36,117,117
393,Wayne,2011,Crimes Against Persons,0,0,0,0,0,0,1,0,0,0,0,0,0,0,0,0,0,0,0,0,0,0,0,0,0,0,0,0,0,0,0,0,0,0,0,0,0,0,1,1,1,Wayne,36,117,117
394,Wayne,2014,Property Crimes,0,0,0,0,0,0,1,0,0,0,0,0,0,0,0,0,0,0,0,0,0,0,0,0,0,0,0,0,0,0,0,0,0,0,0,0,0,0,1,1,1,Wayne,36,117,117
395,Wayne,2016,Property Crimes,0,0,0,0,0,0,1,0,0,0,0,0,0,0,0,0,0,0,0,0,0,0,0,0,0,0,0,0,0,0,0,0,0,0,0,0,0,0,1,1,1,Wayne,36,117,117
396,Westchester,2010,Crimes Against Persons,0,0,0,0,0,1,3,0,0,0,0,0,6,0,0,0,0,0,0,0,0,0,0,0,0,0,0,0,0,1,0,4,0,1,0,0,0,0,16,16,21,Westchester,36,119,119
397,Westchester,2010,Property Crimes,0,0,0,0,0,1,1,0,0,0,0,0,5,0,0,0,0,0,0,0,0,0,0,0,0,0,0,1,0,0,0,0,0,1,0,0,0,0,9,9,11,Westchester,36,119,119
398,Westchester,2011,Crimes Against Persons,0,0,0,0,0,2,5,0,1,0,0,0,3,0,0,0,0,0,0,0,0,0,0,0,0,0,0,0,1,0,0,3,0,1,0,0,0,1,17,20,24,Westchester,36,119,119
399,Westchester,2011,Property Crimes,0,0,0,0,0,0,2,0,0,0,1,0,4,12,1,1,0,0,0,1,0,0,0,0,0,0,0,0,0,1,0,1,0,0,0,0,0,0,24,24,24,Westchester,36,119,119
400,Westchester,2012,Crimes Against Persons,1,1,0,0,0,1,2,0,0,0,0,0,0,0,0,0,0,0,0,0,0,0,0,0,0,0,0,0,1,1,0,6,0,0,0,0,0,0,13,13,15,Westchester,36,119,119
401,Westchester,2012,Property Crimes,0,0,0,0,0,0,1,0,0,0,0,0,3,2,0,0,0,0,0,0,0,0,0,0,0,0,0,0,0,0,0,1,1,0,0,0,0,0,8,8,8,Westchester,36,119,119
402,Westchester,2013,Crimes Against Persons,0,1,0,1,0,0,3,0,0,0,0,0,1,0,0,0,0,0,0,0,0,0,0,0,0,0,0,2,0,0,0,1,0,0,0,0,0,0,9,9,9,Westchester,36,119,119
403,Westchester,2013,Property Crimes,1,0,0,0,0,0,1,0,0,0,0,0,7,1,1,0,0,0,0,1,0,0,0,0,0,0,0,0,0,0,0,0,0,0,0,0,0,0,12,12,12,Westchester,36,119,119
404,Westchester,2014,Crimes Against Persons,0,0,0,0,0,1,3,0,0,0,0,0,1,0,0,0,0,0,0,0,0,0,0,0,0,0,0,0,0,3,0,5,0,0,0,0,0,0,13,13,14,Westchester,36,119,119
405,Westchester,2014,Property Crimes,0,0,0,0,0,0,0,0,0,0,0,0,3,0,0,0,0,0,0,0,0,0,0,0,0,0,0,0,0,1,0,0,0,0,0,0,0,0,4,4,4,Westchester,36,119,119
406,Westchester,2015,Crimes Against Persons,0,0,0,1,0,0,2,0,0,0,0,0,1,0,0,1,0,0,0,0,0,0,0,0,0,0,0,0,0,0,0,2,0,0,0,0,0,0,7,8,11,Westchester,36,119,119
407,Westchester,2015,Property Crimes,0,0,0,0,0,0,4,0,0,0,0,0,3,0,0,0,0,0,0,0,0,0,0,0,0,0,0,0,0,0,0,0,0,0,0,0,0,0,7,7,7,Westchester,36,119,119
408,Westchester,2016,Crimes Against Persons,0,0,0,0,0,0,0,0,0,0,0,0,0,0,0,0,1,0,0,0,0,0,0,0,0,0,0,0,0,0,0,0,0,0,0,0,0,0,1,2,2,Westchester,36,119,119
409,Westchester,2016,Crimes Against Persons,0,0,0,0,0,0,1,0,0,0,0,0,5,0,0,0,0,0,0,0,0,0,0,0,0,0,0,3,0,0,0,2,0,0,0,0,0,0,11,11,13,Westchester,36,119,119
410,Westchester,2016,Property Crimes,0,0,0,0,0,0,0,0,0,0,0,0,7,0,0,0,0,0,0,0,0,0,0,0,0,0,0,0,0,0,0,0,0,0,0,0,0,0,7,8,7,Westchester,36,119,119
